epoch,train_mse,train_mae,val_mse,val_mae,epoch_time
1,286.4500227967271,16.805871877259136,264.4206671779141,16.151534940567483,0.16574406623840332
2,239.47477264885646,15.307589333390839,207.12764570552147,14.224659700920245,0.09847450256347656
3,175.7439095770899,12.97035745165451,134.29272430981595,11.262852281441718,0.10618400573730469
4,103.0085729043441,9.579575980875394,62.496414877300616,7.260986627684049,0.10042500495910645
5,43.905672508584715,5.851989328923913,23.26972057131902,3.948689429160276,0.11354827880859375
6,20.153535058696438,3.5424289643200413,12.618102952453988,2.714097548408742,0.09832978248596191
7,11.364082087728377,2.6165356721286392,7.265753810391105,2.06496746788727,0.10670876502990723
8,7.311273424407285,2.104118146605547,4.419240078604295,1.570406261982362,0.10527682304382324
9,4.938317027127078,1.7367529803896802,2.9410060391104293,1.2915275714148773,0.09966182708740234
10,3.7665862395309624,1.5035784828675407,2.204688099118098,1.1159113784509203,0.09860420227050781
11,3.1778011221740274,1.3898144470279024,1.8230835709835123,1.0228911042944786,0.09836244583129883
12,2.6808749578979363,1.271552726673403,1.5664857829275307,0.939227557036043,0.10050272941589355
13,2.5993789207546745,1.2522481202327114,1.5045392182707056,0.9374999251102377,0.10440492630004883
14,2.3311310536477845,1.1890320923300823,1.3163692544574386,0.847314453125,0.11503267288208008
15,2.241126548855337,1.1614913138179999,1.2478395801380369,0.8313037708493098,0.12246322631835938
16,2.166867477786027,1.131798961811888,1.2338108554208205,0.8322902187979294,0.09538459777832031
17,2.168564524685672,1.1275695094801526,1.1830018213190183,0.7944481972536427,0.10441327095031738
18,2.083555749036787,1.112591704359566,1.1329963543663728,0.7771003582726227,0.10990333557128906
19,2.086798594702431,1.1143791006190544,1.1568164661618099,0.7974897700584739,0.10661172866821289
20,2.0169734613877868,1.0952017029001133,1.1832410192197085,0.81279132117523,0.10167622566223145
21,1.8982474149589659,1.0668707926817371,1.1350387479629984,0.7866370452693635,0.09949827194213867
22,2.00680877332557,1.0949318421501215,1.1327767775833972,0.7722540919766104,0.10654592514038086
23,1.9469368871454185,1.0728347008160612,1.1502034005943251,0.7981401127540261,0.11510539054870605
24,1.941658894471691,1.0716020040582281,1.1075421479582055,0.7791600514043329,0.11111974716186523
25,1.9172174351448517,1.0574225135907516,1.1124279560486963,0.7849346511934433,0.09964156150817871
26,1.9156170673550867,1.0601079842520311,1.1527425379840874,0.8004978671395706,0.10384321212768555
27,1.9102136188751766,1.0569066108839995,1.062705572397431,0.7466143087375383,0.09937906265258789
28,1.904425146702587,1.0670808657737436,1.0526693706863497,0.7387466898725077,0.12263751029968262
29,1.9220086467754953,1.0591648555077715,1.0564162552722394,0.7476149857409893,0.12630176544189453
30,1.9500197000433344,1.0723473983106804,1.1105978000383436,0.779719403038727,0.11399221420288086
31,1.8782440410176788,1.055608069483038,1.0849167525402608,0.763603350867523,0.10554909706115723
32,1.8758156953925966,1.0463653869308007,1.0434667669190951,0.7362438740174463,0.09123730659484863
33,1.8814314672748875,1.0644761656110344,1.0538773425517638,0.7462287013516105,0.09810233116149902
34,1.8571458690173994,1.0429435513373053,1.0432343839867715,0.7376488808473927,0.11724567413330078
35,1.8830551644855744,1.0578406541505447,1.1917262539541795,0.8272298426715874,0.10319876670837402
36,1.7480213313699395,1.0165373905474706,1.1104895094421012,0.787861492882477,0.09898638725280762
37,1.8384696166222028,1.039650809752327,1.0888160377923697,0.7688286342503834,0.10002946853637695
38,1.8356283370378015,1.0418361940594503,1.0717776433090491,0.7648827675661426,0.11617469787597656
39,1.8056468542441961,1.0323870565612985,1.0714724675277991,0.7597513210554064,0.09966301918029785
40,1.864799748209122,1.0438429334060877,1.0647692346865414,0.7608000772862347,0.09793543815612793
41,1.8488952925528637,1.0448682125183812,1.0492954371165644,0.7242677279045245,0.10000753402709961
42,1.8025043780369965,1.0330907859762133,1.0493265163679064,0.732391919095092,0.09796452522277832
43,1.7953815239586415,1.0286430856281525,1.0510620866085123,0.7399542872891104,0.10207104682922363
44,1.7267681647299717,1.0111312545311062,1.027636119631902,0.7258783820216641,0.1124873161315918
45,1.8364429493933194,1.043606851379202,1.027065234974118,0.7265973986292178,0.09943175315856934
46,1.7801194456724212,1.0254611026350757,1.019260748178681,0.722548333852569,0.08313512802124023
47,1.7708878622446151,1.020314466313985,1.0374658502684049,0.7357612094996165,0.20476150512695312
48,1.7817455576546686,1.0251564202373837,1.0263853857122316,0.7242497543615798,0.09859061241149902
49,1.7750171376578314,1.0218951067839261,1.0424259490030674,0.7397170365222393,0.12188243865966797
50,1.7539163743910604,1.0135906271628652,1.0428269087902606,0.7353299942484662,0.1029815673828125
51,1.7904670546859598,1.027667550007753,1.0322935139474694,0.731220867882477,0.11048507690429688
52,1.78756404198808,1.0289230306567203,1.0240408119248465,0.7237319665452454,0.10871171951293945
53,1.8240639318552427,1.040717272352345,1.1384246638947468,0.8099884220427531,0.10527634620666504
54,1.727187163696931,1.0034078162802005,1.1203567598495014,0.7900189920437116,0.10770988464355469
55,1.7003220117931988,1.004794264190706,1.0451813680262654,0.7474246908550614,0.09982681274414062
56,1.7456740610983092,1.0048094226985573,1.0682802165212806,0.7523968468414494,0.10817408561706543
57,1.7773178293125862,1.0193049433855603,1.1167420556940184,0.7889184869871549,0.09331965446472168
58,1.7253252143739526,1.010346746595124,1.0917965754409509,0.7658153697756902,0.11373567581176758
59,1.7255975781429704,0.9975789588583255,1.0443127216736963,0.7437298546539494,0.10743975639343262
60,1.7514812096436316,1.01950123382793,1.0871725070695935,0.7769144818826688,0.09289002418518066
61,1.7140330606454555,1.0090547194616275,1.061646331599885,0.7494124898149923,0.10006260871887207
62,1.6798364296320485,0.9925169237780647,1.0665790206815569,0.7611254733032975,0.11193180084228516
63,1.7430310735692487,1.0150676410406294,1.0576932754984663,0.7529216742954371,0.10797238349914551
64,1.7620766095182496,1.0160443720130639,1.3164955185966258,0.907508447565184,0.10942482948303223
65,1.7059074666597867,1.0025761280400771,1.0266838963046396,0.7274068820695936,0.10692214965820312
66,1.7595208024627653,1.0246776737249237,1.0457427416842409,0.7393531471673697,0.09677720069885254
67,1.8040727841991981,1.0287783369030234,1.0586915560295245,0.7499883171970859,0.11052083969116211
68,1.7452179500607912,1.018095892937276,1.037563506518405,0.7362664907256519,0.1384882926940918
69,1.685937273765588,0.9870029052349295,1.0723056910228144,0.758948577693635,0.09179472923278809
70,1.7520768238793663,1.0105441601870564,1.0370554543711656,0.740898272742523,0.10429239273071289
71,1.685094839390896,0.9867918493870556,1.0694945540164877,0.7562746387317868,0.09388542175292969
72,1.7368237949696248,1.0112818087187725,1.0851400738113497,0.7673989886886503,0.10976600646972656
73,1.7281435576397788,1.0152427200012528,1.1027504014091258,0.773884142542178,0.09994244575500488
74,1.6862308249488613,0.9886901245758988,1.0852061265816717,0.7710647676620015,0.09990954399108887
75,1.6847276898212613,0.998610495518184,1.0335661905674847,0.7326926763803681,0.09958982467651367
76,1.716632165116592,1.0104373286073767,1.1094415021088957,0.7861577507908359,0.1002047061920166
77,1.6741984514783985,0.9848071959743239,1.05718664625671,0.7553725166554831,0.12269401550292969
78,1.693358917717678,1.0010319578409446,1.0536791842407975,0.7503716778901457,0.1069028377532959
79,1.739212734090041,1.0185091879089547,1.0482570156729294,0.7485920724693251,0.09508872032165527
80,1.6235278557778408,0.9706250219816415,1.0099696247124232,0.7149315956911426,0.10380697250366211
81,1.681604965001376,0.9998983830432912,1.0132247082294863,0.7154011545005752,0.10619091987609863
82,1.7474629976771983,1.0116041406095968,1.0273224813075152,0.7115371423264955,0.14247941970825195
83,1.7438897855901065,1.0138650045785995,1.0542118002300613,0.7340317802195169,0.07720065116882324
84,1.6711212463058007,0.9807754500556569,1.0357249628546779,0.7365354198619631,0.1118173599243164
85,1.737749334389479,1.0100157263401806,1.040365581863497,0.7320534173696319,0.10338401794433594
86,1.6800883921915049,1.0013977877098428,1.0783111010592408,0.7624086344900307,0.10364270210266113
87,1.6892858158276034,0.998687214655831,1.1139011874520706,0.7852592983128834,0.1004178524017334
88,1.7104579311816097,1.0016929835049762,1.057682641152224,0.7528739695168711,0.1050105094909668
89,1.6705559891982535,0.9958416390243514,1.0271497106259586,0.7141847949817868,0.08321952819824219
90,1.6587279407007838,0.9923454870310241,1.0185655465155292,0.7153746435247316,0.08976459503173828
91,1.6579831882480818,0.9912439781533933,1.0052165961704371,0.7101500341497315,0.10846114158630371
92,1.7003066808016645,0.9981172643876101,1.0326663151840492,0.7258377168807515,0.10452580451965332
93,1.648929800520936,0.9867642078740614,1.0293298264953987,0.730885736196319,0.10644006729125977
94,1.6616531516475257,0.9828679900064077,1.0467876785371932,0.73887774695648,0.10690593719482422
95,1.6455802716918047,0.9823907437008638,1.0675568563075153,0.7568031357841257,0.10215020179748535
96,1.721371679777352,0.9965302059201663,1.0554871728815185,0.7529311104054831,0.12329244613647461
97,1.662145235561046,0.9958348680369862,1.0677681203268787,0.7516984249185199,0.11428189277648926
98,1.6971471006311203,0.9923729039141056,1.0784278541986196,0.7677404111148389,0.08983945846557617
99,1.6849997728028885,0.9905346009006761,1.0721690172066718,0.7542889366851994,0.10537528991699219
100,1.6466055628378433,0.9765265872927243,1.0835137677338957,0.7622584805166794,0.08318471908569336
