method,year,mse,mae,rmse,n,eval_seed,sample_frac,sample_n,run_id
zero_shot,2005,2.43103289604187,1.3617234230041504,1.5591769931736006,34,0,0.2,,a28aca0642ce
zero_shot,2006,3.476470708847046,1.6495637893676758,1.864529621338059,33,0,0.2,,a28aca0642ce
zero_shot,2007,3.375657558441162,1.6966867446899414,1.837296263110869,31,0,0.2,,a28aca0642ce
zero_shot,2008,4.724849224090576,2.013133764266968,2.173671829897645,34,0,0.2,,a28aca0642ce
zero_shot,2009,6.296209335327148,2.236351728439331,2.5092248475031385,34,0,0.2,,a28aca0642ce
zero_shot,2010,5.6624755859375,2.2171623706817627,2.3795956769874795,33,0,0.2,,a28aca0642ce
zero_shot,2011,7.73784875869751,2.66552734375,2.781698897921468,32,0,0.2,,a28aca0642ce
zero_shot,2012,8.48168659210205,2.6894471645355225,2.9123335303673668,32,0,0.2,,a28aca0642ce
zero_shot,2013,8.07872200012207,2.7662904262542725,2.842309272426572,32,0,0.2,,a28aca0642ce
zero_shot,2014,9.463868141174316,2.8673038482666016,3.0763400561664693,33,0,0.2,,a28aca0642ce
zero_shot,2015,11.03349494934082,3.1261415481567383,3.3216705058360048,31,0,0.2,,a28aca0642ce
zero_shot,2016,12.61188793182373,3.4769127368927,3.551321997766991,32,0,0.2,,a28aca0642ce
zero_shot,2017,12.203588485717772,3.3971450328826904,3.49336349178235,27,0,0.2,,a28aca0642ce
zero_shot,2018,10.798367500305176,3.204991340637207,3.286086958725404,29,0,0.2,,a28aca0642ce
zero_shot,2019,14.01045036315918,3.6467249393463135,3.743053614785551,23,0,0.2,,a28aca0642ce
zero_shot,post_2005_plus,8.200380325317383,2.630134105682373,2.863630619566249,437,0,0.2,,a28aca0642ce
zero_shot,2005,2.65850043296814,1.3524192571640017,1.6304908564503329,34,1,0.2,,5563bba0f819
zero_shot,2006,2.196911334991455,1.335854411125183,1.4821981429591171,33,1,0.2,,5563bba0f819
zero_shot,2007,2.935181140899658,1.5739502906799316,1.7132370358183535,31,1,0.2,,5563bba0f819
zero_shot,2008,4.791845798492432,1.9115625619888303,2.1890285056372454,34,1,0.2,,5563bba0f819
zero_shot,2009,5.165778160095215,2.01222825050354,2.272834829039544,34,1,0.2,,5563bba0f819
zero_shot,2010,6.650266170501709,2.407723188400269,2.578810999375819,33,1,0.2,,5563bba0f819
zero_shot,2011,7.684025764465332,2.632774829864502,2.772007533262731,32,1,0.2,,5563bba0f819
zero_shot,2012,10.092552185058594,2.8619284629821777,3.1768777415976515,32,1,0.2,,5563bba0f819
zero_shot,2013,7.739653587341309,2.6473097801208496,2.782023290222659,32,1,0.2,,5563bba0f819
zero_shot,2014,8.658581733703613,2.7326626777648926,2.942546810792245,33,1,0.2,,5563bba0f819
zero_shot,2015,8.910316467285156,2.880612850189209,2.985015321113973,31,1,0.2,,5563bba0f819
zero_shot,2016,11.142440795898438,3.232775449752808,3.3380294779852435,32,1,0.2,,5563bba0f819
zero_shot,2017,10.132317543029783,3.109381675720215,3.1831301486162618,27,1,0.2,,5563bba0f819
zero_shot,2018,11.512784957885742,3.331524610519409,3.3930495071374573,29,1,0.2,,5563bba0f819
zero_shot,2019,12.279952049255373,3.390167474746704,3.5042762518465023,23,1,0.2,,5563bba0f819
zero_shot,post_2005_plus,8.010639190673828,2.6011343002319336,2.830307260824137,437,1,0.2,,5563bba0f819
zero_shot,2005,2.486372947692871,1.31637704372406,1.5768236894760528,34,2,0.2,,02c9fc1fad8f
zero_shot,2006,2.629528760910034,1.4412860870361328,1.6215821782783733,33,2,0.2,,02c9fc1fad8f
zero_shot,2007,2.874117851257324,1.519605040550232,1.6953223443514582,31,2,0.2,,02c9fc1fad8f
zero_shot,2008,3.420982837677002,1.7204920053482056,1.8495899106766889,34,2,0.2,,02c9fc1fad8f
zero_shot,2009,4.802416801452637,2.027071714401245,2.19144171755779,34,2,0.2,,02c9fc1fad8f
zero_shot,2010,5.5982985496521,2.2024359703063965,2.366072388928982,33,2,0.2,,02c9fc1fad8f
zero_shot,2011,6.5751051902771,2.413902759552002,2.564196792423916,32,2,0.2,,02c9fc1fad8f
zero_shot,2012,7.683974266052246,2.5412425994873047,2.7719982442368623,32,2,0.2,,02c9fc1fad8f
zero_shot,2013,8.236090660095215,2.74326753616333,2.86985899655283,32,2,0.2,,02c9fc1fad8f
zero_shot,2014,10.10401725769043,2.997631788253784,3.178681685493285,33,2,0.2,,02c9fc1fad8f
zero_shot,2015,9.815332412719728,3.037381887435913,3.1329430912034977,31,2,0.2,,02c9fc1fad8f
zero_shot,2016,12.515692710876465,3.419274091720581,3.5377524942930174,32,2,0.2,,02c9fc1fad8f
zero_shot,2017,11.214954376220703,3.2562057971954346,3.348873598125301,27,2,0.2,,02c9fc1fad8f
zero_shot,2018,11.246684074401855,3.257854700088501,3.353607620817,29,2,0.2,,02c9fc1fad8f
zero_shot,2019,13.30906581878662,3.4800009727478027,3.648159237038129,23,2,0.2,,02c9fc1fad8f
zero_shot,post_2005_plus,8.152101516723633,2.5878665447235107,2.855188525601004,437,2,0.2,,02c9fc1fad8f
zero_shot,2005,2.870272397994995,1.507245659828186,1.6941878284284169,34,3,0.2,,0617144d8308
zero_shot,2006,2.537948608398437,1.4412506818771362,1.593094036269811,33,3,0.2,,0617144d8308
zero_shot,2007,3.3458480834960938,1.6310769319534302,1.8291659529676616,31,3,0.2,,0617144d8308
zero_shot,2008,2.958528757095337,1.59843111038208,1.7200374289809326,34,3,0.2,,0617144d8308
zero_shot,2009,6.064585208892822,2.20463228225708,2.462637855814944,34,3,0.2,,0617144d8308
zero_shot,2010,6.459688663482666,2.3005402088165283,2.541591757832612,33,3,0.2,,0617144d8308
zero_shot,2011,6.305693626403809,2.37357759475708,2.511114020988256,32,3,0.2,,0617144d8308
zero_shot,2012,7.367370128631592,2.4730772972106934,2.714289986097947,32,3,0.2,,0617144d8308
zero_shot,2013,10.800376892089844,3.15306043624878,3.2863926868361064,32,3,0.2,,0617144d8308
zero_shot,2014,10.406673431396484,3.0308449268341064,3.2259376050067186,33,3,0.2,,0617144d8308
zero_shot,2015,10.825900077819824,2.986642599105835,3.2902735566848884,31,3,0.2,,0617144d8308
zero_shot,2016,10.25300407409668,3.1176085472106934,3.2020312418989105,32,3,0.2,,0617144d8308
zero_shot,2017,10.945616722106934,3.212434768676758,3.3084160442887067,27,3,0.2,,0617144d8308
zero_shot,2018,13.830084800720217,3.5843148231506348,3.718882197747088,29,3,0.2,,0617144d8308
zero_shot,2019,14.366122245788574,3.570392847061157,3.790266777654124,23,3,0.2,,0617144d8308
zero_shot,post_2005_plus,8.139518737792969,2.616044759750366,2.8529841811326206,437,3,0.2,,0617144d8308
zero_shot,2005,2.728543519973755,1.493888258934021,1.6518303544776487,34,4,0.2,,f743cf840dec
zero_shot,2006,2.253997564315796,1.3710556030273438,1.5013319300926746,33,4,0.2,,f743cf840dec
zero_shot,2007,2.292813777923584,1.262593150138855,1.5142040080265222,31,4,0.2,,f743cf840dec
zero_shot,2008,3.095212936401367,1.6653534173965454,1.759321726234678,34,4,0.2,,f743cf840dec
zero_shot,2009,6.07571268081665,2.183345556259156,2.4648960791109733,34,4,0.2,,f743cf840dec
zero_shot,2010,5.329239845275879,2.179906845092773,2.3085146404725005,33,4,0.2,,f743cf840dec
zero_shot,2011,8.961153984069824,2.8209543228149414,2.9935186627228205,32,4,0.2,,f743cf840dec
zero_shot,2012,7.17203950881958,2.5172812938690186,2.678066374983932,32,4,0.2,,f743cf840dec
zero_shot,2013,8.273375511169434,2.7813210487365723,2.8763475991558174,32,4,0.2,,f743cf840dec
zero_shot,2014,9.498908042907717,2.8397011756896973,3.082029857562661,33,4,0.2,,f743cf840dec
zero_shot,2015,11.098894119262695,3.197843074798584,3.3315002805436915,31,4,0.2,,f743cf840dec
zero_shot,2016,11.31592082977295,3.3049535751342773,3.3639145098787737,32,4,0.2,,f743cf840dec
zero_shot,2017,10.29320240020752,3.009978771209717,3.2083021055080705,27,4,0.2,,f743cf840dec
zero_shot,2018,11.404827117919922,3.286036968231201,3.3771033620426727,29,4,0.2,,f743cf840dec
zero_shot,2019,15.370284080505373,3.615125179290772,3.920495387129715,23,4,0.2,,f743cf840dec
zero_shot,post_2005_plus,8.161541938781738,2.6114373207092285,2.8568412519392354,437,4,0.2,,f743cf840dec
zero_shot,2005,2.732405424118042,1.4506899118423462,1.65299891836566,34,5,0.2,,6304bc54da95
zero_shot,2006,3.3401689529418945,1.6795785427093506,1.8276129111335075,33,5,0.2,,6304bc54da95
zero_shot,2007,2.1850955486297607,1.3611741065979004,1.4782068693622556,31,5,0.2,,6304bc54da95
zero_shot,2008,5.821956634521484,2.1515517234802246,2.4128731078366896,34,5,0.2,,6304bc54da95
zero_shot,2009,5.734413146972656,2.145084857940674,2.394663472593311,34,5,0.2,,6304bc54da95
zero_shot,2010,5.94660758972168,2.2398808002471924,2.438566708072937,33,5,0.2,,6304bc54da95
zero_shot,2011,8.022871017456055,2.6231937408447266,2.8324673020983058,32,5,0.2,,6304bc54da95
zero_shot,2012,8.214056015014648,2.679847240447998,2.8660174484839844,32,5,0.2,,6304bc54da95
zero_shot,2013,9.220925331115724,2.937875270843506,3.0365976571017312,32,5,0.2,,6304bc54da95
zero_shot,2014,9.115715980529783,2.873262882232666,3.019224400492581,33,5,0.2,,6304bc54da95
zero_shot,2015,10.550176620483398,3.0406413078308105,3.2481035421432303,31,5,0.2,,6304bc54da95
zero_shot,2016,12.445068359375,3.423760175704956,3.5277568452736365,32,5,0.2,,6304bc54da95
zero_shot,2017,11.127995491027832,3.250002861022949,3.335865028898476,27,5,0.2,,6304bc54da95
zero_shot,2018,12.530755043029783,3.411245822906494,3.5398806537833707,29,5,0.2,,6304bc54da95
zero_shot,2019,13.846200942993164,3.583320617675781,3.721048366118501,23,5,0.2,,6304bc54da95
zero_shot,post_2005_plus,8.270912170410156,2.656764030456543,2.8759193609018587,437,5,0.2,,6304bc54da95
zero_shot,2005,2.3049800395965576,1.2953895330429075,1.5182160714458788,34,6,0.2,,39b47cde85a9
zero_shot,2006,2.452512264251709,1.46296226978302,1.5660498920059058,33,6,0.2,,39b47cde85a9
zero_shot,2007,2.248134136199951,1.4056410789489746,1.4993779164039835,31,6,0.2,,39b47cde85a9
zero_shot,2008,3.894577980041504,1.8160152435302728,1.97346851508746,34,6,0.2,,39b47cde85a9
zero_shot,2009,6.127973556518555,2.2280404567718506,2.4754744103946127,34,6,0.2,,39b47cde85a9
zero_shot,2010,6.494146347045898,2.3298263549804688,2.5483615024258035,33,6,0.2,,39b47cde85a9
zero_shot,2011,6.7607269287109375,2.408210515975952,2.600139790224929,32,6,0.2,,39b47cde85a9
zero_shot,2012,8.74251651763916,2.689281225204468,2.9567746815811247,32,6,0.2,,39b47cde85a9
zero_shot,2013,7.882601737976074,2.715550184249878,2.8075971466676046,32,6,0.2,,39b47cde85a9
zero_shot,2014,9.46816062927246,2.913635730743408,3.0770376385856024,33,6,0.2,,39b47cde85a9
zero_shot,2015,11.080403327941896,3.0116734504699707,3.328723978935757,31,6,0.2,,39b47cde85a9
zero_shot,2016,12.502359390258787,3.4589977264404297,3.535867558359446,32,6,0.2,,39b47cde85a9
zero_shot,2017,9.730926513671877,3.0560243129730225,3.1194433018844685,27,6,0.2,,39b47cde85a9
zero_shot,2018,13.230399131774902,3.4867637157440186,3.637361561870761,29,6,0.2,,39b47cde85a9
zero_shot,2019,13.494010925292969,3.5121114253997803,3.673419513926087,23,6,0.2,,39b47cde85a9
zero_shot,post_2005_plus,8.239784240722656,2.6460297107696533,2.870502436982532,437,6,0.2,,39b47cde85a9
zero_shot,2005,2.6121208667755127,1.3828318119049072,1.6162057006382302,34,7,0.2,,3540c32b7e95
zero_shot,2006,2.755808115005493,1.4387937784194946,1.6600626840590968,33,7,0.2,,3540c32b7e95
zero_shot,2007,2.6493818759918213,1.50702166557312,1.627692193257626,31,7,0.2,,3540c32b7e95
zero_shot,2008,3.815362930297852,1.6837968826293943,1.953295402722756,34,7,0.2,,3540c32b7e95
zero_shot,2009,6.036708831787109,2.150670289993286,2.456971475574576,34,7,0.2,,3540c32b7e95
zero_shot,2010,7.5220842361450195,2.4888722896575928,2.7426418351919413,33,7,0.2,,3540c32b7e95
zero_shot,2011,7.158315181732178,2.5356178283691406,2.6755027904549413,32,7,0.2,,3540c32b7e95
zero_shot,2012,9.306342124938965,2.811807870864868,3.0506297915248526,32,7,0.2,,3540c32b7e95
zero_shot,2013,8.993145942687988,2.915694236755371,2.9988574395405974,32,7,0.2,,3540c32b7e95
zero_shot,2014,9.857367515563965,2.9670498371124268,3.139644488722245,33,7,0.2,,3540c32b7e95
zero_shot,2015,10.564504623413086,3.085913896560669,3.250308388970666,31,7,0.2,,3540c32b7e95
zero_shot,2016,11.408069610595703,3.344771385192871,3.377583398022276,32,7,0.2,,3540c32b7e95
zero_shot,2017,12.664356231689451,3.480391263961792,3.55870148111491,27,7,0.2,,3540c32b7e95
zero_shot,2018,12.793060302734377,3.431978940963745,3.576738780332494,29,7,0.2,,3540c32b7e95
zero_shot,2019,16.64606475830078,3.829280614852905,4.079958916251582,23,7,0.2,,3540c32b7e95
zero_shot,post_2005_plus,8.148924827575684,2.5997462272644043,2.854632170276178,437,7,0.2,,3540c32b7e95
zero_shot,2005,2.199335813522339,1.2773933410644531,1.4830157833018296,34,8,0.2,,2be539d0fff8
zero_shot,2006,2.3648946285247803,1.347419500350952,1.537821390319689,33,8,0.2,,2be539d0fff8
zero_shot,2007,3.475050926208496,1.5526351928710938,1.864148847653668,31,8,0.2,,2be539d0fff8
zero_shot,2008,3.92047119140625,1.8169647455215447,1.9800179775462268,34,8,0.2,,2be539d0fff8
zero_shot,2009,5.560077667236328,2.126830577850342,2.3579816935753186,34,8,0.2,,2be539d0fff8
zero_shot,2010,6.7301836013793945,2.3935976028442383,2.594259740538598,33,8,0.2,,2be539d0fff8
zero_shot,2011,8.42567253112793,2.731917142868042,2.9027009028020663,32,8,0.2,,2be539d0fff8
zero_shot,2012,8.13003921508789,2.633209705352783,2.851322362534249,32,8,0.2,,2be539d0fff8
zero_shot,2013,8.492084503173828,2.7843942642211914,2.9141181347319858,32,8,0.2,,2be539d0fff8
zero_shot,2014,9.146053314208984,2.8540151119232178,3.024244255051001,33,8,0.2,,2be539d0fff8
zero_shot,2015,8.991942405700684,2.7723734378814697,2.998656766904256,31,8,0.2,,2be539d0fff8
zero_shot,2016,11.540657997131348,3.308455228805542,3.397154397011026,32,8,0.2,,2be539d0fff8
zero_shot,2017,9.929770469665527,3.035623073577881,3.151153831482292,27,8,0.2,,2be539d0fff8
zero_shot,2018,13.837937355041504,3.628623962402344,3.719937816018099,29,8,0.2,,2be539d0fff8
zero_shot,2019,13.84257984161377,3.564104080200196,3.720561764251975,23,8,0.2,,2be539d0fff8
zero_shot,post_2005_plus,8.15184497833252,2.5987863540649414,2.855143600299733,437,8,0.2,,2be539d0fff8
zero_shot,2005,2.195033073425293,1.2154420614242554,1.4815644007012632,34,9,0.2,,d96de6180d9a
zero_shot,2006,3.737954378128052,1.7259639501571655,1.9333790052982505,33,9,0.2,,d96de6180d9a
zero_shot,2007,3.453386068344116,1.5521395206451416,1.8583288375161475,31,9,0.2,,d96de6180d9a
zero_shot,2008,6.371632099151611,2.2056314945220947,2.524209202730949,34,9,0.2,,d96de6180d9a
zero_shot,2009,5.441647529602051,2.0573558807373047,2.332733917445805,34,9,0.2,,d96de6180d9a
zero_shot,2010,6.969722747802734,2.368924856185913,2.640023247587554,33,9,0.2,,d96de6180d9a
zero_shot,2011,6.102079391479492,2.294257879257202,2.470238731677465,32,9,0.2,,d96de6180d9a
zero_shot,2012,6.901730537414551,2.543677806854248,2.6271144888288656,32,9,0.2,,d96de6180d9a
zero_shot,2013,8.241659164428711,2.788148880004883,2.87082900299351,32,9,0.2,,d96de6180d9a
zero_shot,2014,10.148670196533203,3.0701608657836914,3.185697756619922,33,9,0.2,,d96de6180d9a
zero_shot,2015,13.881909370422363,3.392456293106079,3.725843444164336,31,9,0.2,,d96de6180d9a
zero_shot,2016,10.527670860290527,3.191864252090454,3.2446372463328665,32,9,0.2,,d96de6180d9a
zero_shot,2017,10.82874584197998,3.2409024238586426,3.2907059792664524,27,9,0.2,,d96de6180d9a
zero_shot,2018,11.73618507385254,3.317934513092041,3.42581159345527,29,9,0.2,,d96de6180d9a
zero_shot,2019,15.690213203430176,3.717011451721192,3.961087376394287,23,9,0.2,,d96de6180d9a
zero_shot,post_2005_plus,8.245461463928223,2.649047613143921,2.8714911568605297,437,9,0.2,,d96de6180d9a
zero_shot,2005,1.8864514827728271,1.1452066898345947,1.3734815189047238,34,10,0.2,,2ab565ef227d
zero_shot,2006,2.8018810749053955,1.5137895345687866,1.6738820373327972,33,10,0.2,,2ab565ef227d
zero_shot,2007,4.188554286956787,1.7886950969696045,2.046595780059361,31,10,0.2,,2ab565ef227d
zero_shot,2008,2.5372228622436523,1.5273224115371704,1.5928662411651684,34,10,0.2,,2ab565ef227d
zero_shot,2009,5.780973434448242,2.067480087280273,2.404365495187502,34,10,0.2,,2ab565ef227d
zero_shot,2010,6.111570358276367,2.283825397491455,2.4721590479328728,33,10,0.2,,2ab565ef227d
zero_shot,2011,7.209393501281738,2.533583164215088,2.6850313780814066,32,10,0.2,,2ab565ef227d
zero_shot,2012,8.595181465148926,2.644886016845703,2.931753991239532,32,10,0.2,,2ab565ef227d
zero_shot,2013,7.913876533508301,2.709859609603882,2.813161305988034,32,10,0.2,,2ab565ef227d
zero_shot,2014,10.770594596862791,2.9906222820281982,3.2818584059740896,33,10,0.2,,2ab565ef227d
zero_shot,2015,11.075326919555664,3.140336513519287,3.327961375911034,31,10,0.2,,2ab565ef227d
zero_shot,2016,11.34687042236328,3.294093370437622,3.368511603418234,32,10,0.2,,2ab565ef227d
zero_shot,2017,11.919913291931152,3.333091259002685,3.452522743144664,27,10,0.2,,2ab565ef227d
zero_shot,2018,13.65397834777832,3.535943984985352,3.69512900286016,29,10,0.2,,2ab565ef227d
zero_shot,2019,17.20233154296875,3.979592323303223,4.147569353605645,23,10,0.2,,2ab565ef227d
zero_shot,post_2005_plus,8.603846549987793,2.694362163543701,2.93323141773502,437,10,0.2,,2ab565ef227d
zero_shot,2005,1.830805420875549,1.183020830154419,1.353072585220597,34,11,0.2,,89bebac264e5
zero_shot,2006,2.4863715171813965,1.4662082195281982,1.5768232358705894,33,11,0.2,,89bebac264e5
zero_shot,2007,2.623364925384521,1.490417242050171,1.619680501020038,31,11,0.2,,89bebac264e5
zero_shot,2008,4.615367889404297,1.8561129570007324,2.148340729354703,34,11,0.2,,89bebac264e5
zero_shot,2009,5.900990962982178,2.161569595336914,2.429195538235277,34,11,0.2,,89bebac264e5
zero_shot,2010,6.700290203094482,2.314798355102539,2.5884918781202466,33,11,0.2,,89bebac264e5
zero_shot,2011,6.265187740325928,2.3681864738464355,2.5030357049642595,32,11,0.2,,89bebac264e5
zero_shot,2012,7.14832067489624,2.471956491470337,2.6736343569935364,32,11,0.2,,89bebac264e5
zero_shot,2013,7.925982475280762,2.7514116764068604,2.8153121452657364,32,11,0.2,,89bebac264e5
zero_shot,2014,10.13817310333252,3.081364870071411,3.184049795988204,33,11,0.2,,89bebac264e5
zero_shot,2015,13.020597457885742,3.429313898086548,3.608406498426382,31,11,0.2,,89bebac264e5
zero_shot,2016,12.656712532043455,3.4569716453552246,3.5576273739732014,32,11,0.2,,89bebac264e5
zero_shot,2017,11.227054595947266,3.268357515335083,3.3506797214814887,27,11,0.2,,89bebac264e5
zero_shot,2018,11.524768829345703,3.261664867401123,3.394814991917189,29,11,0.2,,89bebac264e5
zero_shot,2019,14.293848037719728,3.683562278747559,3.780720571229739,23,11,0.2,,89bebac264e5
zero_shot,post_2005_plus,7.998873233795166,2.5772109031677246,2.8282279317260066,437,11,0.2,,89bebac264e5
zero_shot,2005,1.9695274829864504,1.202731370925903,1.4033985474505986,34,12,0.2,,e968e297bd82
zero_shot,2006,3.011770725250244,1.5989967584609983,1.7354453967930663,33,12,0.2,,e968e297bd82
zero_shot,2007,3.1139333248138428,1.5181195735931396,1.7646340484116934,31,12,0.2,,e968e297bd82
zero_shot,2008,3.860788345336914,1.8034107685089111,1.964888888801836,34,12,0.2,,e968e297bd82
zero_shot,2009,5.303605556488037,2.117270469665528,2.302955830338054,34,12,0.2,,e968e297bd82
zero_shot,2010,5.956857681274414,2.188206195831299,2.440667466344896,33,12,0.2,,e968e297bd82
zero_shot,2011,7.100529670715332,2.527200222015381,2.664681907979887,32,12,0.2,,e968e297bd82
zero_shot,2012,8.185541152954102,2.71114444732666,2.861038474567251,32,12,0.2,,e968e297bd82
zero_shot,2013,9.130902290344238,2.926010847091675,3.0217382895188387,32,12,0.2,,e968e297bd82
zero_shot,2014,8.75977611541748,2.69771409034729,2.9596918953528726,33,12,0.2,,e968e297bd82
zero_shot,2015,11.805100440979004,3.2013583183288574,3.435855125144104,31,12,0.2,,e968e297bd82
zero_shot,2016,11.59701919555664,3.340214252471924,3.405439647909891,32,12,0.2,,e968e297bd82
zero_shot,2017,10.744084358215332,3.213148355484009,3.2778170110937146,27,12,0.2,,e968e297bd82
zero_shot,2018,11.929767608642578,3.368881702423096,3.4539495666038,29,12,0.2,,e968e297bd82
zero_shot,2019,17.190757751464844,3.973598003387451,4.146173868938065,23,12,0.2,,e968e297bd82
zero_shot,post_2005_plus,7.998641967773437,2.612452268600464,2.8281870461080607,437,12,0.2,,e968e297bd82
zero_shot,2005,3.243546724319458,1.4662541151046753,1.8009849317302624,34,13,0.2,,c19000e09bf2
zero_shot,2006,3.152135372161865,1.5715265274047852,1.7754254059694723,33,13,0.2,,c19000e09bf2
zero_shot,2007,2.657687425613404,1.4980175495147705,1.6302415237054304,31,13,0.2,,c19000e09bf2
zero_shot,2008,3.681971788406372,1.7656290531158447,1.9188464733809143,34,13,0.2,,c19000e09bf2
zero_shot,2009,5.537670612335205,2.1536147594451904,2.353225576168848,34,13,0.2,,c19000e09bf2
zero_shot,2010,5.643110752105713,2.177039623260498,2.3755232585907704,33,13,0.2,,c19000e09bf2
zero_shot,2011,8.051770210266113,2.7606313228607178,2.8375641332428265,32,13,0.2,,c19000e09bf2
zero_shot,2012,6.886507987976074,2.458543062210083,2.6242156900636187,32,13,0.2,,c19000e09bf2
zero_shot,2013,8.69405460357666,2.865565776824951,2.9485682294253697,32,13,0.2,,c19000e09bf2
zero_shot,2014,8.80809211730957,2.8400652408599854,2.967843007524079,33,13,0.2,,c19000e09bf2
zero_shot,2015,12.34845733642578,3.202686548233032,3.5140371848382284,31,13,0.2,,c19000e09bf2
zero_shot,2016,10.826337814331056,3.207289457321167,3.29034007578716,32,13,0.2,,c19000e09bf2
zero_shot,2017,10.810128211975098,3.19217586517334,3.28787594230304,27,13,0.2,,c19000e09bf2
zero_shot,2018,13.64998722076416,3.603105306625366,3.694588910929626,29,13,0.2,,c19000e09bf2
zero_shot,2019,15.144744873046877,3.639472723007202,3.891624965621286,23,13,0.2,,c19000e09bf2
zero_shot,post_2005_plus,7.723896026611328,2.559655904769897,2.7791898147861955,437,13,0.2,,c19000e09bf2
zero_shot,2005,2.2461562156677246,1.314774990081787,1.4987181908776996,34,14,0.2,,a821194bf761
zero_shot,2006,3.3162951469421387,1.6524633169174194,1.8210697809096,33,14,0.2,,a821194bf761
zero_shot,2007,2.86428165435791,1.520252346992493,1.692418876743553,31,14,0.2,,a821194bf761
zero_shot,2008,3.938129186630249,1.8423126935958865,1.9844720170942824,34,14,0.2,,a821194bf761
zero_shot,2009,6.537535667419434,2.301921129226685,2.5568605099651864,34,14,0.2,,a821194bf761
zero_shot,2010,5.7428131103515625,2.2877206802368164,2.396416723016171,33,14,0.2,,a821194bf761
zero_shot,2011,7.811296463012695,2.655657768249512,2.794869668341029,32,14,0.2,,a821194bf761
zero_shot,2012,7.233949184417725,2.5545296669006348,2.689600190440528,32,14,0.2,,a821194bf761
zero_shot,2013,7.931294918060303,2.740399122238159,2.816255478123443,32,14,0.2,,a821194bf761
zero_shot,2014,9.360801696777344,2.925621747970581,3.0595427267448554,33,14,0.2,,a821194bf761
zero_shot,2015,10.840215682983398,3.0312294960021973,3.2924482809883893,31,14,0.2,,a821194bf761
zero_shot,2016,12.329548835754396,3.461168050765991,3.5113457300235185,32,14,0.2,,a821194bf761
zero_shot,2017,11.036091804504396,3.2178754806518555,3.3220613787984705,27,14,0.2,,a821194bf761
zero_shot,2018,12.6132173538208,3.4644875526428223,3.551509165667576,29,14,0.2,,a821194bf761
zero_shot,2019,15.157179832458496,3.706307888031006,3.893222294251703,23,14,0.2,,a821194bf761
zero_shot,post_2005_plus,7.635568618774414,2.515296220779419,2.763253267215008,437,14,0.2,,a821194bf761
zero_shot,2005,3.2445921897888184,1.495799899101257,1.801275156601239,34,15,0.2,,46caa27ef7d3
zero_shot,2006,2.5980353355407715,1.4691344499588013,1.6118422179421816,33,15,0.2,,46caa27ef7d3
zero_shot,2007,4.116987705230713,1.7327170372009275,2.0290361517801285,31,15,0.2,,46caa27ef7d3
zero_shot,2008,3.175709009170532,1.6815921068191528,1.7820519097856078,34,15,0.2,,46caa27ef7d3
zero_shot,2009,4.7205119132995605,1.9512802362442017,2.172673908643348,34,15,0.2,,46caa27ef7d3
zero_shot,2010,5.515892028808594,2.242359638214112,2.348593627856593,33,15,0.2,,46caa27ef7d3
zero_shot,2011,7.822047233581543,2.596146583557129,2.796792311484988,32,15,0.2,,46caa27ef7d3
zero_shot,2012,8.807134628295898,2.740684986114502,2.96768169254991,32,15,0.2,,46caa27ef7d3
zero_shot,2013,10.370213508605955,3.084615468978882,3.220281588402784,32,15,0.2,,46caa27ef7d3
zero_shot,2014,9.51062297821045,2.9705052375793457,3.0839297946306186,33,15,0.2,,46caa27ef7d3
zero_shot,2015,11.886870384216309,3.272782802581787,3.447734094186544,31,15,0.2,,46caa27ef7d3
zero_shot,2016,12.089282989501951,3.369905948638916,3.4769646229868307,32,15,0.2,,46caa27ef7d3
zero_shot,2017,10.16976833343506,3.0774738788604736,3.1890074213515183,27,15,0.2,,46caa27ef7d3
zero_shot,2018,11.43898582458496,3.2599809169769287,3.3821569781110044,29,15,0.2,,46caa27ef7d3
zero_shot,2019,14.187878608703612,3.615036010742188,3.766680051279059,23,15,0.2,,46caa27ef7d3
zero_shot,post_2005_plus,7.665012836456299,2.54858946800232,2.7685759582240648,437,15,0.2,,46caa27ef7d3
zero_shot,2005,2.494616270065308,1.37719988822937,1.579435427633972,34,16,0.2,,ebf8fa354251
zero_shot,2006,2.700277328491211,1.5009677410125732,1.6432520587211237,33,16,0.2,,ebf8fa354251
zero_shot,2007,2.843613147735596,1.579295039176941,1.6863016182568276,31,16,0.2,,ebf8fa354251
zero_shot,2008,4.62319803237915,2.004230737686157,2.150162326983512,34,16,0.2,,ebf8fa354251
zero_shot,2009,4.608631134033203,1.9975240230560305,2.1467722594707626,34,16,0.2,,ebf8fa354251
zero_shot,2010,6.618598937988281,2.2955141067504883,2.572663782539079,33,16,0.2,,ebf8fa354251
zero_shot,2011,6.470020294189453,2.450653314590454,2.543623457626827,32,16,0.2,,ebf8fa354251
zero_shot,2012,6.958731651306152,2.5256378650665283,2.637940797536244,32,16,0.2,,ebf8fa354251
zero_shot,2013,7.817660331726074,2.699741840362549,2.7960079276937098,32,16,0.2,,ebf8fa354251
zero_shot,2014,10.013184547424316,2.9761977195739746,3.164361633477488,33,16,0.2,,ebf8fa354251
zero_shot,2015,11.019171714782717,3.046678304672241,3.319513776862918,31,16,0.2,,ebf8fa354251
zero_shot,2016,11.047815322875977,3.248613119125366,3.323825404992864,32,16,0.2,,ebf8fa354251
zero_shot,2017,10.257964134216309,3.137441396713257,3.2028056660085245,27,16,0.2,,ebf8fa354251
zero_shot,2018,13.084083557128906,3.5156843662261963,3.617192773011815,29,16,0.2,,ebf8fa354251
zero_shot,2019,12.47848892211914,3.396858930587769,3.532490470209246,23,16,0.2,,ebf8fa354251
zero_shot,post_2005_plus,8.511000633239746,2.6863389015197754,2.917361930450136,437,16,0.2,,ebf8fa354251
zero_shot,2005,2.259604454040528,1.2816215753555298,1.5031980754513117,34,17,0.2,,a8e7b86670a7
zero_shot,2006,3.341862678527832,1.5785690546035769,1.8280762233910903,33,17,0.2,,a8e7b86670a7
zero_shot,2007,3.697052001953125,1.6769649982452393,1.922771957865291,31,17,0.2,,a8e7b86670a7
zero_shot,2008,5.236782550811768,2.0097193717956543,2.2884017459379304,34,17,0.2,,a8e7b86670a7
zero_shot,2009,6.7426958084106445,2.324495315551758,2.596670138544872,34,17,0.2,,a8e7b86670a7
zero_shot,2010,5.793780326843262,2.223566055297852,2.407027280037196,33,17,0.2,,a8e7b86670a7
zero_shot,2011,7.919702053070068,2.676284074783325,2.814196519980449,32,17,0.2,,a8e7b86670a7
zero_shot,2012,8.227925300598145,2.627650022506714,2.868436037390087,32,17,0.2,,a8e7b86670a7
zero_shot,2013,8.171573638916016,2.7715728282928467,2.858596445620825,32,17,0.2,,a8e7b86670a7
zero_shot,2014,8.796723365783691,2.817704439163208,2.9659270668348694,33,17,0.2,,a8e7b86670a7
zero_shot,2015,10.52286148071289,3.06129002571106,3.24389603420222,31,17,0.2,,a8e7b86670a7
zero_shot,2016,12.015628814697266,3.3878931999206543,3.466356706211475,32,17,0.2,,a8e7b86670a7
zero_shot,2017,10.576770782470703,3.181365489959717,3.252194763920313,27,17,0.2,,a8e7b86670a7
zero_shot,2018,12.607444763183594,3.4438798427581787,3.550696377217234,29,17,0.2,,a8e7b86670a7
zero_shot,2019,15.978023529052734,3.849329471588135,3.997251997191664,23,17,0.2,,a8e7b86670a7
zero_shot,post_2005_plus,8.454634666442871,2.6831977367401123,2.907685448332208,437,17,0.2,,a8e7b86670a7
zero_shot,2005,2.6738057136535645,1.4379743337631226,1.6351775786297844,34,18,0.2,,a2101110b5f8
zero_shot,2006,2.997926712036133,1.5659209489822388,1.7314521974447152,33,18,0.2,,a2101110b5f8
zero_shot,2007,2.166417360305786,1.3477684259414673,1.4718754567917036,31,18,0.2,,a2101110b5f8
zero_shot,2008,5.032756328582764,1.974737524986267,2.243380558127124,34,18,0.2,,a2101110b5f8
zero_shot,2009,5.524779319763184,2.11975646018982,2.350484911622107,34,18,0.2,,a2101110b5f8
zero_shot,2010,6.12368106842041,2.2887163162231445,2.474607255388299,33,18,0.2,,a2101110b5f8
zero_shot,2011,6.783198356628418,2.495767831802368,2.6044574015768465,32,18,0.2,,a2101110b5f8
zero_shot,2012,10.703327178955078,2.9838101863861084,3.2715939813728534,32,18,0.2,,a2101110b5f8
zero_shot,2013,8.770761489868164,2.8612422943115234,2.961547144630348,32,18,0.2,,a2101110b5f8
zero_shot,2014,8.709697723388672,2.8100290298461914,2.9512197009691894,33,18,0.2,,a2101110b5f8
zero_shot,2015,9.48365306854248,2.8751044273376465,3.0795540372824246,31,18,0.2,,a2101110b5f8
zero_shot,2016,10.74161434173584,3.225570678710937,3.2774402117713515,32,18,0.2,,a2101110b5f8
zero_shot,2017,11.052806854248049,3.2527666091918945,3.3245761916743684,27,18,0.2,,a2101110b5f8
zero_shot,2018,13.043447494506836,3.4734907150268555,3.611571333160517,29,18,0.2,,a2101110b5f8
zero_shot,2019,15.241796493530272,3.577835321426392,3.904074345287276,23,18,0.2,,a2101110b5f8
zero_shot,post_2005_plus,8.206148147583008,2.6201484203338623,2.8646375246412954,437,18,0.2,,a2101110b5f8
zero_shot,2005,2.195486307144165,1.2186871767044067,1.481717350625336,34,19,0.2,,d6f1887c0dea
zero_shot,2006,3.729621171951294,1.6980822086334229,1.9312227142282927,33,19,0.2,,d6f1887c0dea
zero_shot,2007,3.5667641162872314,1.7729097604751587,1.888587863004322,31,19,0.2,,d6f1887c0dea
zero_shot,2008,3.7658050060272217,1.705419898033142,1.9405682173083278,34,19,0.2,,d6f1887c0dea
zero_shot,2009,7.385448932647705,2.3996191024780273,2.717618246304603,34,19,0.2,,d6f1887c0dea
zero_shot,2010,5.453176498413086,2.105238437652588,2.335203738095048,33,19,0.2,,d6f1887c0dea
zero_shot,2011,6.459863662719727,2.4346566200256348,2.5416261846935178,32,19,0.2,,d6f1887c0dea
zero_shot,2012,9.341840744018555,2.7999846935272217,3.056442498071664,32,19,0.2,,d6f1887c0dea
zero_shot,2013,9.685822486877441,2.9780149459838867,3.1122054056372055,32,19,0.2,,d6f1887c0dea
zero_shot,2014,9.268925666809082,2.8930280208587646,3.044491035757715,33,19,0.2,,d6f1887c0dea
zero_shot,2015,11.12061595916748,3.1760575771331787,3.3347587557674214,31,19,0.2,,d6f1887c0dea
zero_shot,2016,11.063633918762207,3.210097074508667,3.3262041306513654,32,19,0.2,,d6f1887c0dea
zero_shot,2017,11.173402786254883,3.270475387573242,3.3426640253329203,27,19,0.2,,d6f1887c0dea
zero_shot,2018,11.665515899658203,3.331058979034424,3.415481796124553,29,19,0.2,,d6f1887c0dea
zero_shot,2019,16.261459350585938,3.840663194656372,4.03254998116402,23,19,0.2,,d6f1887c0dea
zero_shot,post_2005_plus,8.328035354614258,2.6301817893981934,2.8858335632212504,437,19,0.2,,d6f1887c0dea
