method,year,sample,mse,mae,rmse,n
full_finetune,2005,0,0.8903564214706421,0.723284125328064,0.9435869972984167,34
full_finetune,2005,1,0.9783092737197876,0.6923127174377441,0.9890951793026733,34
full_finetune,2005,2,1.6630388498306274,0.9045534729957581,1.2895886358954267,34
full_finetune,2005,3,2.1329233646392822,1.095504879951477,1.4604531367487565,34
full_finetune,2005,4,0.6774306297302246,0.6550660133361816,0.8230617411411033,34
full_finetune,2005,5,0.7036627531051636,0.6721529364585876,0.8388460842759914,34
full_finetune,2005,6,1.3894107341766357,0.8327697515487671,1.1787326813899053,34
full_finetune,2005,7,1.4930154085159302,1.0139955282211304,1.2218900967419002,34
full_finetune,2005,8,0.7613548636436462,0.6412489414215088,0.8725565102866669,34
full_finetune,2005,9,0.9616961479187012,0.6798771619796753,0.980661076987713,34
full_finetune,2005,10,1.2178001403808594,0.8521172404289246,1.1035398227435471,34
full_finetune,2005,11,0.6207050681114197,0.5872280597686768,0.7878483788848079,34
full_finetune,2005,12,0.44893911480903625,0.532380223274231,0.6700291895201553,34
full_finetune,2005,13,0.8392509818077087,0.7343496084213257,0.9161064249352848,34
full_finetune,2005,14,1.556823968887329,0.8732821941375732,1.2477275218922315,34
full_finetune,2005,15,0.597064197063446,0.5984053611755371,0.7726992927804749,34
full_finetune,2005,16,0.6478878855705261,0.6170091032981873,0.8049148312526774,34
full_finetune,2005,17,1.0010454654693604,0.7689952850341797,1.0005225961812958,34
full_finetune,2005,18,1.6908752918243408,0.9493605494499207,1.3003366071230713,34
full_finetune,2005,19,1.3840808868408203,0.8073509335517883,1.176469671024638,34
full_finetune,2005,20,0.7788456082344055,0.6474140286445618,0.8825222990012238,34
full_finetune,2005,21,0.8685396909713745,0.6822665333747864,0.9319547687368601,34
full_finetune,2005,22,1.116402268409729,0.8570634126663208,1.0565993887986729,34
full_finetune,2005,23,0.80027174949646,0.6880659461021423,0.8945790906881627,34
full_finetune,2005,24,0.7346842288970947,0.6142343878746033,0.8571372287429212,34
full_finetune,2005,25,0.7681434154510498,0.6210315227508545,0.8764379130611876,34
full_finetune,2005,26,1.911488652229309,1.0484542846679688,1.3825659666827146,34
full_finetune,2005,27,0.9416833519935608,0.7293509840965271,0.9704037056779826,34
full_finetune,2005,28,0.5077749490737915,0.5462266802787781,0.712583292727097,34
full_finetune,2005,29,0.909424364566803,0.7438784241676331,0.9536374387401131,34
full_finetune,2005,30,1.3258873224258423,0.8746662139892578,1.1514718070477636,34
full_finetune,2005,31,0.7817968130111694,0.6485671401023865,0.8841927465271187,34
full_finetune,2005,32,1.042468786239624,0.6915535926818848,1.021013607274469,34
full_finetune,2005,33,0.3741835355758667,0.5204805731773376,0.6117054320307012,34
full_finetune,2005,34,0.6963629126548767,0.6441000699996948,0.8344836203634417,34
full_finetune,2005,35,1.2490875720977783,0.7954546213150024,1.1176258640966477,34
full_finetune,2005,36,1.476772427558899,0.9197090268135071,1.2152252579496934,34
full_finetune,2005,37,1.0921480655670166,0.8087506294250488,1.0450588813875592,34
full_finetune,2005,38,0.8170115351676941,0.6525710225105286,0.9038869039695697,34
full_finetune,2005,39,0.9554997682571411,0.7048357725143433,0.9774966845248843,34
full_finetune,2005,40,1.0278077125549316,0.7015872001647949,1.0138085186833516,34
full_finetune,2005,41,0.46351900696754456,0.5560218095779419,0.6808223020491797,34
full_finetune,2005,42,1.2377588748931885,0.9062948822975159,1.1125461225914135,34
full_finetune,2005,43,0.880730390548706,0.7837897539138794,0.9384723706901051,34
full_finetune,2005,44,0.8339762091636658,0.6798822283744812,0.9132229788850398,34
full_finetune,2005,45,1.149897575378418,0.8210769891738892,1.07233277268692,34
full_finetune,2005,46,0.5918126106262207,0.585088849067688,0.7692935789581379,34
full_finetune,2005,47,0.6109008193016052,0.5233590006828308,0.7816014453041942,34
full_finetune,2005,48,0.7811391353607178,0.6731014251708984,0.8838207597475394,34
full_finetune,2005,49,0.919503927230835,0.8010187745094299,0.9589076739868312,34
full_finetune,2006,0,0.31307533383369446,0.4058896601200104,0.5595313519667101,33
full_finetune,2006,1,0.7961475253105164,0.6449915766716003,0.8922709932024667,33
full_finetune,2006,2,0.6782927513122559,0.6086559891700745,0.8235853029967545,33
full_finetune,2006,3,0.8238905668258667,0.7280654907226562,0.9076841779087409,33
full_finetune,2006,4,0.5634745955467224,0.582467257976532,0.7506494491749943,33
full_finetune,2006,5,0.511914074420929,0.5738080143928528,0.7154817079569044,33
full_finetune,2006,6,0.26305219531059265,0.4267329275608063,0.5128861426384931,33
full_finetune,2006,7,0.6425861120223999,0.6162058115005493,0.801614690498122,33
full_finetune,2006,8,0.857170581817627,0.6817344427108765,0.9258350726871536,33
full_finetune,2006,9,0.5539621114730835,0.5302360653877258,0.7442863101475692,33
full_finetune,2006,10,0.3868921399116516,0.49872907996177673,0.6220065433029235,33
full_finetune,2006,11,0.5524380803108215,0.6009030342102051,0.7432617845085415,33
full_finetune,2006,12,0.7551965713500977,0.6151540279388428,0.8690204665887321,33
full_finetune,2006,13,0.4263044595718384,0.4653841555118561,0.6529199488236198,33
full_finetune,2006,14,0.9065058827400208,0.6664610505104065,0.9521060249468127,33
full_finetune,2006,15,0.6189900040626526,0.6196680068969727,0.7867591779335356,33
full_finetune,2006,16,0.6740201711654663,0.6031469702720642,0.8209873148627002,33
full_finetune,2006,17,0.2738032937049866,0.3892922103404999,0.523262165367406,33
full_finetune,2006,18,0.5916950106620789,0.6167870759963989,0.7692171414250197,33
full_finetune,2006,19,0.732855498790741,0.6692261695861816,0.8560697978498838,33
full_finetune,2006,20,0.4578602612018585,0.5549489259719849,0.6766537232601758,33
full_finetune,2006,21,0.6023351550102234,0.6323928236961365,0.7761025415563483,33
full_finetune,2006,22,0.5389602780342102,0.596299946308136,0.7341391407861388,33
full_finetune,2006,23,0.4544738531112671,0.5502846837043762,0.6741467593271269,33
full_finetune,2006,24,0.5385773777961731,0.5430212020874023,0.7338783126623739,33
full_finetune,2006,25,0.329060822725296,0.45620423555374146,0.5736382333189586,33
full_finetune,2006,26,0.550087571144104,0.602068305015564,0.7416788868129549,33
full_finetune,2006,27,0.6102904677391052,0.5723714232444763,0.7812108983745076,33
full_finetune,2006,28,0.5797126293182373,0.5831660628318787,0.7613886191152566,33
full_finetune,2006,29,0.615435779094696,0.5959821343421936,0.7844971504694559,33
full_finetune,2006,30,0.6906150579452515,0.5761529207229614,0.831032525202986,33
full_finetune,2006,31,0.38223034143447876,0.47033876180648804,0.6182477993769802,33
full_finetune,2006,32,0.6004419922828674,0.5889490842819214,0.7748819215098952,33
full_finetune,2006,33,0.8028913736343384,0.7035263180732727,0.8960420601926777,33
full_finetune,2006,34,0.6323567032814026,0.6152544021606445,0.7952085910510541,33
full_finetune,2006,35,0.4920247495174408,0.5442656874656677,0.7014447587069426,33
full_finetune,2006,36,0.5302503108978271,0.5735462307929993,0.7281828828651681,33
full_finetune,2006,37,0.6216807961463928,0.5361089706420898,0.7884673716434897,33
full_finetune,2006,38,0.6581812500953674,0.6236579418182373,0.8112837050596834,33
full_finetune,2006,39,0.25075408816337585,0.40277746319770813,0.5007535203704272,33
full_finetune,2006,40,0.5144017338752747,0.52789306640625,0.7172180518331052,33
full_finetune,2006,41,0.739154577255249,0.6463294625282288,0.8597409942856331,33
full_finetune,2006,42,0.6615808010101318,0.582433819770813,0.8133761743560798,33
full_finetune,2006,43,0.5244525671005249,0.5464096665382385,0.7241909741915629,33
full_finetune,2006,44,0.4532324969768524,0.5670723915100098,0.673225442906648,33
full_finetune,2006,45,0.5310406684875488,0.5008856654167175,0.7287253724741227,33
full_finetune,2006,46,0.9260146617889404,0.6930773258209229,0.9622965560516885,33
full_finetune,2006,47,0.8499452471733093,0.7373663187026978,0.9219247513616875,33
full_finetune,2006,48,0.47513318061828613,0.5007715225219727,0.6892990502084608,33
full_finetune,2006,49,0.4311060905456543,0.5425427556037903,0.6565866968996967,33
full_finetune,2007,0,0.44682517647743225,0.5107909440994263,0.6684498309353009,31
full_finetune,2007,1,0.45133888721466064,0.539283037185669,0.6718175996612925,31
full_finetune,2007,2,0.39701047539711,0.5019633173942566,0.6300876727861846,31
full_finetune,2007,3,0.30068913102149963,0.43722623586654663,0.5483512843255678,31
full_finetune,2007,4,0.32011178135871887,0.45359471440315247,0.5657842180184234,31
full_finetune,2007,5,0.30890801548957825,0.4083213806152344,0.5557949401439152,31
full_finetune,2007,6,0.3462950587272644,0.4884294867515564,0.588468400789086,31
full_finetune,2007,7,0.9646767973899841,0.7242688536643982,0.982179615645725,31
full_finetune,2007,8,0.7747825980186462,0.5591966509819031,0.8802173583943038,31
full_finetune,2007,9,0.23889438807964325,0.3651566803455353,0.4887682355469136,31
full_finetune,2007,10,0.49915653467178345,0.5838070511817932,0.7065101093910713,31
full_finetune,2007,11,1.0090786218643188,0.7387973666191101,1.0045290547636334,31
full_finetune,2007,12,0.9040138721466064,0.6009787917137146,0.9507964409623157,31
full_finetune,2007,13,1.085927128791809,0.7771977186203003,1.0420782738315817,31
full_finetune,2007,14,0.3331094980239868,0.4328072667121887,0.5771563895721737,31
full_finetune,2007,15,0.49091604351997375,0.577510416507721,0.7006540112780157,31
full_finetune,2007,16,0.5941866636276245,0.6097226738929749,0.7708350430718783,31
full_finetune,2007,17,0.2803669273853302,0.4187314808368683,0.5294968624886556,31
full_finetune,2007,18,0.5144879221916199,0.565662145614624,0.7172781344719912,31
full_finetune,2007,19,0.41224661469459534,0.47680023312568665,0.6420643384385987,31
full_finetune,2007,20,0.6836810111999512,0.7109400629997253,0.8268500536372669,31
full_finetune,2007,21,0.5055009722709656,0.6102239489555359,0.7109859156628671,31
full_finetune,2007,22,0.36636316776275635,0.49245989322662354,0.6052794129678923,31
full_finetune,2007,23,0.908397912979126,0.6762198209762573,0.9530991097357745,31
full_finetune,2007,24,0.37004396319389343,0.48645487427711487,0.6083123894791996,31
full_finetune,2007,25,0.3553762137889862,0.46080780029296875,0.5961343923889866,31
full_finetune,2007,26,0.286790132522583,0.4443040192127228,0.535527900788169,31
full_finetune,2007,27,0.5954236388206482,0.6315119862556458,0.771636986426032,31
full_finetune,2007,28,0.4089672565460205,0.5086377859115601,0.6395054781204149,31
full_finetune,2007,29,0.424193799495697,0.5328629016876221,0.6513016194480842,31
full_finetune,2007,30,0.9096965789794922,0.6559476256370544,0.9537801523304478,31
full_finetune,2007,31,0.2884044051170349,0.4043416678905487,0.5370329646465242,31
full_finetune,2007,32,0.4386552572250366,0.553688645362854,0.6623105444012172,31
full_finetune,2007,33,0.5757660269737244,0.5696232914924622,0.7587924795184282,31
full_finetune,2007,34,0.40389758348464966,0.48114392161369324,0.6355293726372131,31
full_finetune,2007,35,0.3308658301830292,0.4701498746871948,0.5752093794289426,31
full_finetune,2007,36,0.539377748966217,0.5769817233085632,0.7344234125940002,31
full_finetune,2007,37,0.4378215968608856,0.5311484932899475,0.6616808874834497,31
full_finetune,2007,38,0.27623018622398376,0.4277293384075165,0.5255760517983898,31
full_finetune,2007,39,0.3423568308353424,0.45887133479118347,0.5851126650785662,31
full_finetune,2007,40,0.5765299201011658,0.556179404258728,0.7592956737010726,31
full_finetune,2007,41,0.43256813287734985,0.5184330344200134,0.6576991203258142,31
full_finetune,2007,42,1.003244161605835,0.699379563331604,1.0016207673595006,31
full_finetune,2007,43,0.5876218676567078,0.5732872486114502,0.7665649794092525,31
full_finetune,2007,44,0.32550761103630066,0.46531131863594055,0.5705327431763234,31
full_finetune,2007,45,0.4303014278411865,0.5430848598480225,0.6559736487399372,31
full_finetune,2007,46,0.5068407654762268,0.584113597869873,0.7119275001544938,31
full_finetune,2007,47,0.6346092224121094,0.6536520719528198,0.7966236391245928,31
full_finetune,2007,48,0.6358636021614075,0.6735939383506775,0.7974105606031359,31
full_finetune,2007,49,0.40464913845062256,0.5161336064338684,0.6361203804710415,31
full_finetune,2008,0,1.3721846342086792,0.6301344633102417,1.171402848813626,34
full_finetune,2008,1,0.49747326970100403,0.49727731943130493,0.7053178501222013,34
full_finetune,2008,2,1.0308825969696045,0.5757028460502625,1.0153238877174142,34
full_finetune,2008,3,0.23386038839817047,0.3601456880569458,0.48359113763402495,34
full_finetune,2008,4,0.285745769739151,0.3911592662334442,0.5345519336221234,34
full_finetune,2008,5,0.5755317807197571,0.5547539591789246,0.7586381091928859,34
full_finetune,2008,6,0.5440131425857544,0.4972427487373352,0.7375724659894473,34
full_finetune,2008,7,0.7070609927177429,0.5549419522285461,0.8408691888265041,34
full_finetune,2008,8,0.6278590559959412,0.5365562438964844,0.7923755776119941,34
full_finetune,2008,9,0.6125655770301819,0.5529338121414185,0.7826656866313879,34
full_finetune,2008,10,1.1952413320541382,0.664007842540741,1.0932709325936267,34
full_finetune,2008,11,0.4583868980407715,0.5108552575111389,0.6770427593887786,34
full_finetune,2008,12,0.4288959205150604,0.49322280287742615,0.6549014586295104,34
full_finetune,2008,13,0.5491960644721985,0.4866373538970947,0.7410776372770929,34
full_finetune,2008,14,0.6276071667671204,0.5322153568267822,0.792216616063511,34
full_finetune,2008,15,0.48882079124450684,0.4850355088710785,0.6991572006669936,34
full_finetune,2008,16,0.7130880951881409,0.6130897998809814,0.8444454364777756,34
full_finetune,2008,17,1.05839204788208,0.5655338168144226,1.028781827153882,34
full_finetune,2008,18,0.39555731415748596,0.4726322293281555,0.6289334735546248,34
full_finetune,2008,19,0.34248295426368713,0.4522838890552521,0.5852204321994295,34
full_finetune,2008,20,0.40116190910339355,0.48019644618034363,0.6333734357418169,34
full_finetune,2008,21,0.561516284942627,0.514726996421814,0.7493439029862237,34
full_finetune,2008,22,0.35178208351135254,0.4148384928703308,0.5931122014520968,34
full_finetune,2008,23,0.4877069592475891,0.4926048815250397,0.6983601930577008,34
full_finetune,2008,24,0.5527612566947937,0.49451586604118347,0.7434791568664139,34
full_finetune,2008,25,0.30992335081100464,0.44225603342056274,0.5567075990239442,34
full_finetune,2008,26,2.3592264652252197,0.9522640109062195,1.5359773648153867,34
full_finetune,2008,27,1.2609089612960815,0.6442286968231201,1.1229020265793812,34
full_finetune,2008,28,0.780671238899231,0.5847907066345215,0.8835560191064463,34
full_finetune,2008,29,0.28442487120628357,0.40636739134788513,0.5333149831068724,34
full_finetune,2008,30,0.4799070358276367,0.44817644357681274,0.6927532286663388,34
full_finetune,2008,31,0.5221211910247803,0.5866013169288635,0.7225795395835536,34
full_finetune,2008,32,0.16172370314598083,0.3275302052497864,0.402148856949738,34
full_finetune,2008,33,0.3068433105945587,0.4149121642112732,0.5539343919586134,34
full_finetune,2008,34,0.4770727753639221,0.45011746883392334,0.6907045499806137,34
full_finetune,2008,35,0.5343342423439026,0.5249186754226685,0.7309816976805251,34
full_finetune,2008,36,1.9229896068572998,0.709062933921814,1.3867190078950025,34
full_finetune,2008,37,1.075390100479126,0.566140353679657,1.037010173758737,34
full_finetune,2008,38,1.1368129253387451,0.7063126564025879,1.0662142961613041,34
full_finetune,2008,39,0.22147108614444733,0.36392590403556824,0.4706071462955565,34
full_finetune,2008,40,0.31048426032066345,0.4246060848236084,0.5572111451870497,34
full_finetune,2008,41,0.2806004285812378,0.4133560359477997,0.5297173100638092,34
full_finetune,2008,42,1.004167079925537,0.5458359122276306,1.0020813739041041,34
full_finetune,2008,43,0.6827169060707092,0.6494861841201782,0.8262668491902052,34
full_finetune,2008,44,0.989570140838623,0.5920238494873047,0.9947714012971136,34
full_finetune,2008,45,1.1166086196899414,0.6431830525398254,1.0566970330657417,34
full_finetune,2008,46,0.6896585822105408,0.5767025947570801,0.8304568515043637,34
full_finetune,2008,47,0.8955003023147583,0.5648829340934753,0.9463087774689392,34
full_finetune,2008,48,0.3533766269683838,0.4076339304447174,0.5944548990195839,34
full_finetune,2008,49,0.3176845610141754,0.40143194794654846,0.5636351311036027,34
full_finetune,2009,0,0.7346177101135254,0.6405520439147949,0.8570984249860254,34
full_finetune,2009,1,1.5755597352981567,0.9071797728538513,1.2552130238721062,34
full_finetune,2009,2,0.61690753698349,0.5692766308784485,0.7854346166190347,34
full_finetune,2009,3,1.18205726146698,0.6576800346374512,1.0872245680939059,34
full_finetune,2009,4,0.3906639814376831,0.49782249331474304,0.6250311843721744,34
full_finetune,2009,5,1.0572309494018555,0.8370468616485596,1.0282173648610762,34
full_finetune,2009,6,0.8167283535003662,0.698373019695282,0.9037302437676666,34
full_finetune,2009,7,1.8987971544265747,0.9243630170822144,1.377968488183447,34
full_finetune,2009,8,1.086119532585144,0.6915898323059082,1.0421705870850242,34
full_finetune,2009,9,0.8772220015525818,0.6437548398971558,0.9366013034117462,34
full_finetune,2009,10,0.5041665434837341,0.5362538695335388,0.7100468600618793,34
full_finetune,2009,11,1.0658022165298462,0.7315728068351746,1.0323769740409006,34
full_finetune,2009,12,0.9462535977363586,0.6863667964935303,0.9727556721686894,34
full_finetune,2009,13,0.6806550025939941,0.6014858484268188,0.8250181831899186,34
full_finetune,2009,14,0.5921807885169983,0.6383730173110962,0.7695328378418937,34
full_finetune,2009,15,0.39571744203567505,0.5244787931442261,0.6290607617994267,34
full_finetune,2009,16,0.9940499663352966,0.6079038977622986,0.9970205445903794,34
full_finetune,2009,17,0.33817535638809204,0.4687809348106384,0.5815284656730847,34
full_finetune,2009,18,0.7790683507919312,0.6164506673812866,0.8826484865403278,34
full_finetune,2009,19,0.44436556100845337,0.5453267693519592,0.6666075014642825,34
full_finetune,2009,20,0.770995557308197,0.6883066892623901,0.8780635269205737,34
full_finetune,2009,21,0.8689734935760498,0.7273592948913574,0.9321874776975122,34
full_finetune,2009,22,1.0347907543182373,0.6715307831764221,1.0172466536284293,34
full_finetune,2009,23,0.687951922416687,0.6534736752510071,0.8294286722899606,34
full_finetune,2009,24,0.3136556148529053,0.4579068124294281,0.5600496539173159,34
full_finetune,2009,25,1.557193636894226,0.8360539674758911,1.2478756496118617,34
full_finetune,2009,26,0.6956170201301575,0.5588446259498596,0.8340365820095408,34
full_finetune,2009,27,0.9406371712684631,0.611889123916626,0.969864511810007,34
full_finetune,2009,28,0.6300268769264221,0.5196006894111633,0.7937423240110244,34
full_finetune,2009,29,0.4369089901447296,0.574665904045105,0.6609909153269277,34
full_finetune,2009,30,0.5829992890357971,0.6215539574623108,0.7635439011843373,34
full_finetune,2009,31,0.45812490582466125,0.5451375246047974,0.6768492489651305,34
full_finetune,2009,32,0.9350494742393494,0.7066630125045776,0.9669795624724182,34
full_finetune,2009,33,0.5328667163848877,0.5506808161735535,0.7299772026473756,34
full_finetune,2009,34,0.5660327076911926,0.533923327922821,0.752351452242363,34
full_finetune,2009,35,1.2416884899139404,0.7907034754753113,1.1143107690020502,34
full_finetune,2009,36,0.6962295174598694,0.6079959869384766,0.8344036897448797,34
full_finetune,2009,37,0.7773754000663757,0.5477999448776245,0.8816889474561739,34
full_finetune,2009,38,0.8167668581008911,0.7041139006614685,0.9037515466658362,34
full_finetune,2009,39,0.7361475825309753,0.659193217754364,0.857990432657017,34
full_finetune,2009,40,1.4403449296951294,0.8489588499069214,1.2001437121008174,34
full_finetune,2009,41,0.9937454462051392,0.7110518217086792,0.9968678178199651,34
full_finetune,2009,42,0.42820635437965393,0.5305446982383728,0.6543747812833667,34
full_finetune,2009,43,0.4388146996498108,0.5266394019126892,0.6624309017926404,34
full_finetune,2009,44,0.7847231030464172,0.6811487674713135,0.8858459815602355,34
full_finetune,2009,45,0.4496081471443176,0.4846303164958954,0.6705282597656251,34
full_finetune,2009,46,0.633882999420166,0.48884886503219604,0.7961676955391785,34
full_finetune,2009,47,0.45042431354522705,0.5595116019248962,0.6711365833757142,34
full_finetune,2009,48,0.9318816661834717,0.6474312543869019,0.9653401815854719,34
full_finetune,2009,49,0.7167160511016846,0.4696277976036072,0.8465908404310104,34
full_finetune,2010,0,0.8172976970672607,0.609447717666626,0.9040451853017418,33
full_finetune,2010,1,0.9542413353919983,0.7243465185165405,0.9768527705811139,33
full_finetune,2010,2,0.9148173332214355,0.664482831954956,0.9564608372648802,33
full_finetune,2010,3,0.7962453365325928,0.6424533724784851,0.8923258017857563,33
full_finetune,2010,4,0.37082639336586,0.44620460271835327,0.6089551653166758,33
full_finetune,2010,5,0.3816830813884735,0.4518398642539978,0.6178050512811251,33
full_finetune,2010,6,0.5654288530349731,0.5379809737205505,0.7519500336026146,33
full_finetune,2010,7,0.4523743987083435,0.47416579723358154,0.6725878371694982,33
full_finetune,2010,8,0.5979235172271729,0.5682987570762634,0.7732551436797384,33
full_finetune,2010,9,0.8302790522575378,0.670978307723999,0.9111964948667975,33
full_finetune,2010,10,0.7572582960128784,0.5259957313537598,0.8702058928856311,33
full_finetune,2010,11,0.8071256279945374,0.6588166952133179,0.8984017074753016,33
full_finetune,2010,12,0.9639376401901245,0.7662010788917542,0.9818032594110312,33
full_finetune,2010,13,0.5555459260940552,0.5423552989959717,0.7453495328327879,33
full_finetune,2010,14,0.6026778817176819,0.5578891634941101,0.776323310044006,33
full_finetune,2010,15,0.3779831528663635,0.44922739267349243,0.6148033448724588,33
full_finetune,2010,16,0.5120468139648438,0.5462597012519836,0.7155744643046199,33
full_finetune,2010,17,0.8421948552131653,0.5867316722869873,0.9177117495233268,33
full_finetune,2010,18,0.5558035373687744,0.5573890209197998,0.7455223251980952,33
full_finetune,2010,19,0.6477407813072205,0.5826370716094971,0.8048234472896652,33
full_finetune,2010,20,0.8248374462127686,0.658731997013092,0.9082056189061861,33
full_finetune,2010,21,0.41350576281547546,0.45365411043167114,0.6430441375329344,33
full_finetune,2010,22,0.6302151679992676,0.5622232556343079,0.7938609248472099,33
full_finetune,2010,23,0.7263216376304626,0.6341541409492493,0.8522450572637325,33
full_finetune,2010,24,0.5126797556877136,0.525717556476593,0.7160165889752231,33
full_finetune,2010,25,0.5030725598335266,0.5019266605377197,0.7092760815320975,33
full_finetune,2010,26,1.6536312103271484,0.772220253944397,1.2859359277690114,33
full_finetune,2010,27,1.2579582929611206,0.7673956155776978,1.1215873987171578,33
full_finetune,2010,28,0.3575401306152344,0.4806031584739685,0.5979465951196933,33
full_finetune,2010,29,0.41330868005752563,0.47623270750045776,0.6428908772548617,33
full_finetune,2010,30,0.41030505299568176,0.4438738524913788,0.6405505858210433,33
full_finetune,2010,31,0.8813663125038147,0.7127078771591187,0.9388111165212173,33
full_finetune,2010,32,1.1501585245132446,0.7599207758903503,1.0724544393647892,33
full_finetune,2010,33,0.5983241200447083,0.5814447402954102,0.7735141369391436,33
full_finetune,2010,34,0.3347035348415375,0.44842323660850525,0.5785356815629763,33
full_finetune,2010,35,0.4498099386692047,0.5641419291496277,0.6706787149367458,33
full_finetune,2010,36,2.066105842590332,0.9772670865058899,1.4373955066683393,33
full_finetune,2010,37,1.1137434244155884,0.7194985747337341,1.0553404305794356,33
full_finetune,2010,38,1.1329137086868286,0.6875677108764648,1.0643841922383237,33
full_finetune,2010,39,0.610029399394989,0.5857986211776733,0.7810437883979291,33
full_finetune,2010,40,0.8082250952720642,0.686721682548523,0.899013401052545,33
full_finetune,2010,41,0.717603862285614,0.6188942790031433,0.8471150230550831,33
full_finetune,2010,42,0.9661039710044861,0.6592825055122375,0.9829058810509204,33
full_finetune,2010,43,0.48948103189468384,0.5334154963493347,0.6996292102926263,33
full_finetune,2010,44,1.2492380142211914,0.7074065804481506,1.1176931664017595,33
full_finetune,2010,45,0.8442258238792419,0.5731108784675598,0.9188176227517852,33
full_finetune,2010,46,0.7280662059783936,0.6408053040504456,0.8532679567277759,33
full_finetune,2010,47,0.42113950848579407,0.47187134623527527,0.6489526242229043,33
full_finetune,2010,48,1.2045420408248901,0.8043413758277893,1.0975163054938593,33
full_finetune,2010,49,0.4996035695075989,0.5176782608032227,0.7068264069116256,33
full_finetune,2011,0,0.4470768868923187,0.48802369832992554,0.6686380836389135,32
full_finetune,2011,1,0.6462327241897583,0.5750861763954163,0.8038860144260244,32
full_finetune,2011,2,0.9244562387466431,0.7482948303222656,0.9614864735120526,32
full_finetune,2011,3,1.0691276788711548,0.7463005185127258,1.0339863049727278,32
full_finetune,2011,4,0.6348089575767517,0.5520707368850708,0.7967489928307105,32
full_finetune,2011,5,0.2767700254917145,0.4368591606616974,0.52608937025159,32
full_finetune,2011,6,0.9962925314903259,0.7312218546867371,0.9981445443873977,32
full_finetune,2011,7,1.374851942062378,0.8498114347457886,1.1725408061395466,32
full_finetune,2011,8,0.4599047899246216,0.4807056486606598,0.6781628048814101,32
full_finetune,2011,9,1.2468595504760742,0.823962390422821,1.116628653795018,32
full_finetune,2011,10,0.27007636427879333,0.45258885622024536,0.5196887186372178,32
full_finetune,2011,11,0.7049049735069275,0.623595654964447,0.8395861918272165,32
full_finetune,2011,12,0.5290871858596802,0.4943767189979553,0.7273837954337999,32
full_finetune,2011,13,0.7993394732475281,0.5958452224731445,0.8940578690708606,32
full_finetune,2011,14,0.7250342965126038,0.6103810667991638,0.8514894576638068,32
full_finetune,2011,15,0.8164034485816956,0.6231149435043335,0.9035504681984817,32
full_finetune,2011,16,0.7000967860221863,0.6429563760757446,0.8367178652462168,32
full_finetune,2011,17,0.4773499369621277,0.4515942335128784,0.6909051577185741,32
full_finetune,2011,18,0.6483450531959534,0.5692304372787476,0.8051987662657919,32
full_finetune,2011,19,0.6319721937179565,0.5636368989944458,0.7949667878081175,32
full_finetune,2011,20,1.0420231819152832,0.746001124382019,1.0207953673069265,32
full_finetune,2011,21,0.5366228222846985,0.5490245819091797,0.732545440423117,32
full_finetune,2011,22,0.9192409515380859,0.7130316495895386,0.9587705416511741,32
full_finetune,2011,23,0.8949952125549316,0.5962039828300476,0.9460418661745006,32
full_finetune,2011,24,1.6446417570114136,0.9332181215286255,1.282435868576442,32
full_finetune,2011,25,1.0927107334136963,0.6177365183830261,1.0453280506203286,32
full_finetune,2011,26,0.5258647799491882,0.5504605174064636,0.7251653466273662,32
full_finetune,2011,27,0.7234740257263184,0.6440436840057373,0.8505727633344007,32
full_finetune,2011,28,0.7291539907455444,0.5753383636474609,0.8539051415383002,32
full_finetune,2011,29,0.7263681292533875,0.6222460269927979,0.8522723327982596,32
full_finetune,2011,30,0.666874885559082,0.6247367858886719,0.8166240784835346,32
full_finetune,2011,31,0.5904524326324463,0.548338770866394,0.7684090269071846,32
full_finetune,2011,32,0.5647599697113037,0.579429566860199,0.7515051361842471,32
full_finetune,2011,33,0.7616263628005981,0.67270827293396,0.8727120732524548,32
full_finetune,2011,34,0.4624693989753723,0.47262370586395264,0.6800510267438556,32
full_finetune,2011,35,0.935221254825592,0.7189120054244995,0.9670683816698755,32
full_finetune,2011,36,0.5641763806343079,0.6139525175094604,0.7511167556607348,32
full_finetune,2011,37,0.3742384612560272,0.5085139274597168,0.611750325914116,32
full_finetune,2011,38,0.6544206142425537,0.6336264610290527,0.8089626779045828,32
full_finetune,2011,39,0.4252855181694031,0.4388798475265503,0.6521391861937167,32
full_finetune,2011,40,0.2824552059173584,0.40645506978034973,0.5314651502378669,32
full_finetune,2011,41,0.48698925971984863,0.5309815406799316,0.6978461576306404,32
full_finetune,2011,42,0.42166203260421753,0.5075803995132446,0.6493550897653899,32
full_finetune,2011,43,0.512718141078949,0.5900028944015503,0.7160433932932759,32
full_finetune,2011,44,0.8329105973243713,0.6782164573669434,0.9126393577554999,32
full_finetune,2011,45,0.7256008386611938,0.5887832045555115,0.8518220698368844,32
full_finetune,2011,46,0.569786012172699,0.6038079261779785,0.7548417133231966,32
full_finetune,2011,47,0.39887404441833496,0.47122398018836975,0.6315647586893485,32
full_finetune,2011,48,0.691781222820282,0.6161980628967285,0.831733865380196,32
full_finetune,2011,49,0.8471819162368774,0.7231015563011169,0.9204248563771392,32
full_finetune,2012,0,0.8921626210212708,0.7796191573143005,0.9445436046161505,32
full_finetune,2012,1,0.821089506149292,0.6510946750640869,0.9061398932556121,32
full_finetune,2012,2,1.021907091140747,0.7120417356491089,1.0108942037328867,32
full_finetune,2012,3,0.9336747527122498,0.7491858005523682,0.9662684682386411,32
full_finetune,2012,4,0.9598750472068787,0.6818376779556274,0.9797321303330205,32
full_finetune,2012,5,0.45825424790382385,0.5569957494735718,0.6769447894059188,32
full_finetune,2012,6,0.5150803923606873,0.5410280227661133,0.7176910145464322,32
full_finetune,2012,7,0.8189906477928162,0.7043552398681641,0.9049810206809954,32
full_finetune,2012,8,0.638416051864624,0.6354447603225708,0.7990094191338573,32
full_finetune,2012,9,0.6237608790397644,0.600038468837738,0.7897853373162637,32
full_finetune,2012,10,0.8414329290390015,0.5929171442985535,0.9172965327738907,32
full_finetune,2012,11,0.7185832262039185,0.6360993981361389,0.8476928843655103,32
full_finetune,2012,12,0.9473078846931458,0.5762741565704346,0.9732974286892706,32
full_finetune,2012,13,1.5764999389648438,0.7775508165359497,1.2555874875789594,32
full_finetune,2012,14,1.4646538496017456,0.8369256258010864,1.210228841831885,32
full_finetune,2012,15,0.49261948466300964,0.5480048656463623,0.7018685665158468,32
full_finetune,2012,16,0.3332391083240509,0.4722273349761963,0.5772686621704411,32
full_finetune,2012,17,1.0315650701522827,0.6996617913246155,1.0156599185516197,32
full_finetune,2012,18,0.9951639175415039,0.7141678333282471,0.9975790282185687,32
full_finetune,2012,19,0.36702752113342285,0.4867633879184723,0.6058279633141928,32
full_finetune,2012,20,2.1371946334838867,0.9858214259147644,1.461914714846214,32
full_finetune,2012,21,1.099257230758667,0.711380660533905,1.0484546870316651,32
full_finetune,2012,22,0.5166997313499451,0.5162715911865234,0.7188182881298618,32
full_finetune,2012,23,1.408217430114746,0.7525588274002075,1.1866833739944056,32
full_finetune,2012,24,0.6855524778366089,0.6475505232810974,0.8279809646583723,32
full_finetune,2012,25,0.41644054651260376,0.5416852831840515,0.6453220486800398,32
full_finetune,2012,26,0.3318256139755249,0.47537872195243835,0.5760430660771162,32
full_finetune,2012,27,1.4198238849639893,0.8358733654022217,1.1915636302623496,32
full_finetune,2012,28,0.3707488775253296,0.5006676912307739,0.6088915153993605,32
full_finetune,2012,29,0.42838171124458313,0.5078672170639038,0.6545087556668613,32
full_finetune,2012,30,1.156250238418579,0.7857944965362549,1.07529076924271,32
full_finetune,2012,31,0.4089817404747009,0.5138280391693115,0.6395168023396265,32
full_finetune,2012,32,0.45235759019851685,0.5097078084945679,0.6725753416521578,32
full_finetune,2012,33,0.5377227663993835,0.6122329235076904,0.7332958246160847,32
full_finetune,2012,34,0.4628071188926697,0.5097095966339111,0.6802992862650009,32
full_finetune,2012,35,1.5179928541183472,0.8307690024375916,1.2320685265513227,32
full_finetune,2012,36,0.6775542497634888,0.642591118812561,0.823136835382483,32
full_finetune,2012,37,0.6952323913574219,0.6613107323646545,0.8338059674513141,32
full_finetune,2012,38,0.7926613688468933,0.539605975151062,0.8903153198990195,32
full_finetune,2012,39,0.93155837059021,0.6077187061309814,0.9651727154194787,32
full_finetune,2012,40,2.1927988529205322,1.0023324489593506,1.480810201518254,32
full_finetune,2012,41,0.5944709777832031,0.6252684593200684,0.7710194406000429,32
full_finetune,2012,42,0.8682356476783752,0.6952716708183289,0.9317916331875787,32
full_finetune,2012,43,1.4340721368789673,0.6961601972579956,1.197527509863121,32
full_finetune,2012,44,0.5985034704208374,0.5985440015792847,0.7736300604428692,32
full_finetune,2012,45,0.5671349763870239,0.5629498958587646,0.7530836450136359,32
full_finetune,2012,46,1.2126452922821045,0.7547800540924072,1.1012017491277901,32
full_finetune,2012,47,0.8514325618743896,0.5851231813430786,0.9227310344159828,32
full_finetune,2012,48,0.6406431198120117,0.6055837869644165,0.8004018489558927,32
full_finetune,2012,49,1.2010223865509033,0.8186091780662537,1.0959116691371178,32
full_finetune,2013,0,0.5623177289962769,0.6405293345451355,0.7498784761521542,32
full_finetune,2013,1,0.5065848231315613,0.532429575920105,0.7117477243599457,32
full_finetune,2013,2,0.7037349939346313,0.6659352779388428,0.8388891428160405,32
full_finetune,2013,3,1.0028026103973389,0.8346610069274902,1.0014003247439751,32
full_finetune,2013,4,0.37255585193634033,0.44440197944641113,0.6103735347607564,32
full_finetune,2013,5,0.4514352083206177,0.4949414134025574,0.6718892827844613,32
full_finetune,2013,6,0.5080606937408447,0.5442688465118408,0.7127837636624762,32
full_finetune,2013,7,0.4904900789260864,0.5891120433807373,0.7003499688913296,32
full_finetune,2013,8,0.3646128177642822,0.445004940032959,0.6038317793593528,32
full_finetune,2013,9,0.5207328796386719,0.5856645107269287,0.7216182367697423,32
full_finetune,2013,10,0.4073764979839325,0.5516898036003113,0.6382605251650242,32
full_finetune,2013,11,0.35028815269470215,0.4765908420085907,0.591851461681647,32
full_finetune,2013,12,0.45774203538894653,0.5402698516845703,0.6765663569739088,32
full_finetune,2013,13,0.546083390712738,0.551375687122345,0.7389745534947316,32
full_finetune,2013,14,0.49652335047721863,0.5486075282096863,0.7046441303787456,32
full_finetune,2013,15,0.5136892199516296,0.5623210072517395,0.7167211591348686,32
full_finetune,2013,16,0.8139650225639343,0.738598108291626,0.9022001011770805,32
full_finetune,2013,17,0.7204856276512146,0.6620744466781616,0.8488142480255705,32
full_finetune,2013,18,0.35115981101989746,0.49364420771598816,0.5925873868214692,32
full_finetune,2013,19,0.33241280913352966,0.4310425817966461,0.5765525207069427,32
full_finetune,2013,20,0.49281710386276245,0.5678431987762451,0.702009333173543,32
full_finetune,2013,21,0.6249334812164307,0.6912320852279663,0.79052734375,32
full_finetune,2013,22,0.6803762912750244,0.640950083732605,0.8248492536670106,32
full_finetune,2013,23,0.5279600620269775,0.5621017217636108,0.7266086030504851,32
full_finetune,2013,24,0.850238561630249,0.7176223993301392,0.9220838148618861,32
full_finetune,2013,25,0.7416375279426575,0.6148548126220703,0.8611837945192986,32
full_finetune,2013,26,0.34444892406463623,0.48378145694732666,0.5868977117561767,32
full_finetune,2013,27,0.8243009448051453,0.7202457785606384,0.9079102074572932,32
full_finetune,2013,28,0.4054758548736572,0.546083927154541,0.6367698602114089,32
full_finetune,2013,29,0.4327854812145233,0.47474589943885803,0.6578643334415716,32
full_finetune,2013,30,0.7570530772209167,0.6585693359375,0.8700879709666814,32
full_finetune,2013,31,0.7193549871444702,0.6810621619224548,0.8481479747924121,32
full_finetune,2013,32,0.7824918031692505,0.7075996398925781,0.8845856675129044,32
full_finetune,2013,33,0.4981847107410431,0.5904603004455566,0.7058220106663174,32
full_finetune,2013,34,0.44923126697540283,0.5237540006637573,0.6702471685694784,32
full_finetune,2013,35,0.5883349776268005,0.6168726086616516,0.767029971791716,32
full_finetune,2013,36,0.6124343872070312,0.6430788040161133,0.7825818725264668,32
full_finetune,2013,37,0.5562600493431091,0.6222878098487854,0.7458284315733137,32
full_finetune,2013,38,0.7795295715332031,0.7002707719802856,0.8829097187896411,32
full_finetune,2013,39,0.564117431640625,0.6041889190673828,0.7510775137365151,32
full_finetune,2013,40,0.8164639472961426,0.7434937953948975,0.9035839459043872,32
full_finetune,2013,41,0.6416616439819336,0.6047228574752808,0.8010378542752731,32
full_finetune,2013,42,0.3816414475440979,0.5243460536003113,0.6177713553929948,32
full_finetune,2013,43,0.7295125126838684,0.6905725598335266,0.8541150465153207,32
full_finetune,2013,44,0.48582255840301514,0.5364571213722229,0.6970097261896817,32
full_finetune,2013,45,0.6031163930892944,0.6293498873710632,0.7766056870055064,32
full_finetune,2013,46,0.6624031066894531,0.6331589818000793,0.8138815065410032,32
full_finetune,2013,47,0.44395533204078674,0.5116089582443237,0.6662997313827965,32
full_finetune,2013,48,0.6361792683601379,0.6539758443832397,0.797608468084522,32
full_finetune,2013,49,0.44658514857292175,0.48934870958328247,0.6682702661146325,32
full_finetune,2014,0,1.0297845602035522,0.7494516968727112,1.0147830113889138,33
full_finetune,2014,1,1.6046580076217651,0.8456852436065674,1.266750965115782,33
full_finetune,2014,2,1.1592061519622803,0.5987972021102905,1.0766643636539106,33
full_finetune,2014,3,1.3565484285354614,0.7649853825569153,1.164709589784278,33
full_finetune,2014,4,2.3534750938415527,0.9178915023803711,1.5341040035934828,33
full_finetune,2014,5,1.9495197534561157,0.8195275068283081,1.396252037941616,33
full_finetune,2014,6,1.1380829811096191,0.861659049987793,1.0668097211356948,33
full_finetune,2014,7,1.1187365055084229,0.680044949054718,1.0577034109373114,33
full_finetune,2014,8,2.03420352935791,0.8899544477462769,1.4262550716326692,33
full_finetune,2014,9,0.5686260461807251,0.5208854675292969,0.754072971389855,33
full_finetune,2014,10,0.3604349195957184,0.4653075635433197,0.6003623235977741,33
full_finetune,2014,11,0.8239143490791321,0.611533522605896,0.9076972783252862,33
full_finetune,2014,12,0.8785155415534973,0.5737845301628113,0.9372915989986773,33
full_finetune,2014,13,0.5588831901550293,0.4898042380809784,0.7475849049807181,33
full_finetune,2014,14,0.33507081866264343,0.4411590099334717,0.5788530199132103,33
full_finetune,2014,15,1.725841999053955,0.8574590682983398,1.3137130581119894,33
full_finetune,2014,16,0.33282214403152466,0.4825385808944702,0.5769073964090985,33
full_finetune,2014,17,1.330546498298645,0.7923846244812012,1.153493172194203,33
full_finetune,2014,18,0.8584789633750916,0.6912896037101746,0.9265413986299218,33
full_finetune,2014,19,3.1892666816711426,1.0770704746246338,1.7858518084295636,33
full_finetune,2014,20,0.4902399778366089,0.5592628717422485,0.7001713917581958,33
full_finetune,2014,21,0.5703225135803223,0.5314463376998901,0.7551970031589917,33
full_finetune,2014,22,1.0994725227355957,0.6579445600509644,1.0485573530978627,33
full_finetune,2014,23,1.7066881656646729,0.760259211063385,1.3064027578295572,33
full_finetune,2014,24,0.567336916923523,0.6592427492141724,0.753217708848858,33
full_finetune,2014,25,2.199415922164917,0.9501377940177917,1.4830427917511069,33
full_finetune,2014,26,3.2757251262664795,0.9936283230781555,1.8098964407574483,33
full_finetune,2014,27,0.4499918520450592,0.5062966346740723,0.6708143200954041,33
full_finetune,2014,28,0.6644222140312195,0.6019220352172852,0.815120981223781,33
full_finetune,2014,29,0.8503611087799072,0.6508737206459045,0.9221502636663437,33
full_finetune,2014,30,0.710662305355072,0.6704016923904419,0.8430078916327367,33
full_finetune,2014,31,0.96873939037323,0.622502863407135,0.9842455945409306,33
full_finetune,2014,32,0.8685792684555054,0.6920738816261292,0.9319760020813334,33
full_finetune,2014,33,0.43634048104286194,0.46503669023513794,0.6605607322895163,33
full_finetune,2014,34,0.32960841059684753,0.4723258316516876,0.5741153286551819,33
full_finetune,2014,35,1.0546159744262695,0.8321897983551025,1.0269449714693917,33
full_finetune,2014,36,0.9532839059829712,0.6354376077651978,0.9763625894015866,33
full_finetune,2014,37,0.7018958926200867,0.5863435864448547,0.8377922729531985,33
full_finetune,2014,38,0.3090725541114807,0.4724713861942291,0.5559429414170852,33
full_finetune,2014,39,0.994793176651001,0.6837838292121887,0.997393190597871,33
full_finetune,2014,40,0.48414087295532227,0.5406032800674438,0.695802323189081,33
full_finetune,2014,41,1.4881138801574707,0.8265876770019531,1.219882732133491,33
full_finetune,2014,42,2.2702229022979736,1.0150530338287354,1.5067258882417776,33
full_finetune,2014,43,0.48037853837013245,0.5220504403114319,0.6930934557259449,33
full_finetune,2014,44,0.9270831942558289,0.6752535104751587,0.9628515951359424,33
full_finetune,2014,45,0.6142480373382568,0.6161980032920837,0.7837397765446493,33
full_finetune,2014,46,0.5801424980163574,0.6818631887435913,0.7616708593719189,33
full_finetune,2014,47,1.6297367811203003,0.6991573572158813,1.2766114448493324,33
full_finetune,2014,48,2.302753448486328,1.0097579956054688,1.5174826023669359,33
full_finetune,2014,49,0.7032102942466736,0.46544140577316284,0.8385763496824088,33
full_finetune,2015,0,0.6863656044006348,0.6426694393157959,0.8284718488884428,31
full_finetune,2015,1,0.8274807333946228,0.6366166472434998,0.9096596799873141,31
full_finetune,2015,2,2.217886447906494,0.8821820020675659,1.4892570120387194,31
full_finetune,2015,3,0.6103835105895996,0.6276596784591675,0.7812704465097855,31
full_finetune,2015,4,0.9453273415565491,0.7203620076179504,0.9722794565126577,31
full_finetune,2015,5,1.1141047477722168,0.7243229150772095,1.0555116047548776,31
full_finetune,2015,6,1.3829150199890137,0.836241602897644,1.1759740728387738,31
full_finetune,2015,7,2.3748583793640137,0.8990163207054138,1.5410575522555976,31
full_finetune,2015,8,1.0530585050582886,0.7650513052940369,1.0261863890435736,31
full_finetune,2015,9,1.0510952472686768,0.6841961741447449,1.0252293632493545,31
full_finetune,2015,10,0.8434529304504395,0.5918652415275574,0.9183969351268761,31
full_finetune,2015,11,1.2021211385726929,0.7696350812911987,1.0964128504230024,31
full_finetune,2015,12,0.398212194442749,0.47449761629104614,0.6310405648155664,31
full_finetune,2015,13,0.6421384215354919,0.5723214149475098,0.8013353989032882,31
full_finetune,2015,14,2.653751850128174,1.0754512548446655,1.6290340236250973,31
full_finetune,2015,15,0.680587887763977,0.6319183707237244,0.824977507429128,31
full_finetune,2015,16,0.7217732667922974,0.6293938755989075,0.8495724023250151,31
full_finetune,2015,17,0.8850105404853821,0.692325234413147,0.9407499882994323,31
full_finetune,2015,18,1.7247350215911865,0.9859386682510376,1.3132916742259453,31
full_finetune,2015,19,0.8439731001853943,0.6809554100036621,0.9186800858761413,31
full_finetune,2015,20,2.6517505645751953,0.9892927408218384,1.6284196524775778,31
full_finetune,2015,21,0.6873884797096252,0.6737760901451111,0.8290889455960834,31
full_finetune,2015,22,0.6156987547874451,0.5818262696266174,0.7846647403747954,31
full_finetune,2015,23,0.9316638708114624,0.6781135201454163,0.9652273674173678,31
full_finetune,2015,24,1.6133193969726562,0.7880022525787354,1.2701651061860644,31
full_finetune,2015,25,0.42728742957115173,0.533068060874939,0.6536722646488465,31
full_finetune,2015,26,0.5095143914222717,0.5734173655509949,0.7138027678723806,31
full_finetune,2015,27,1.1248438358306885,0.780098557472229,1.0605865527295208,31
full_finetune,2015,28,0.9908724427223206,0.7538360953330994,0.9954257595231905,31
full_finetune,2015,29,0.6656829714775085,0.5418583154678345,0.815893970732416,31
full_finetune,2015,30,1.127651572227478,0.8351935744285583,1.0619093992556419,31
full_finetune,2015,31,3.0143508911132812,0.8750179409980774,1.7361886104664093,31
full_finetune,2015,32,0.45672449469566345,0.5274554491043091,0.6758139497640334,31
full_finetune,2015,33,0.6293137669563293,0.6168169975280762,0.7932929893528174,31
full_finetune,2015,34,1.1124993562698364,0.7753008008003235,1.0547508503290417,31
full_finetune,2015,35,1.012373447418213,0.7132973074913025,1.0061677034263288,31
full_finetune,2015,36,0.5250450372695923,0.5761909484863281,0.7245999153116099,31
full_finetune,2015,37,1.076210618019104,0.7131508588790894,1.037405715243127,31
full_finetune,2015,38,0.5837828516960144,0.5950378179550171,0.7640568380009529,31
full_finetune,2015,39,0.6270731091499329,0.5614968538284302,0.7918794789296746,31
full_finetune,2015,40,0.9633343815803528,0.7237447500228882,0.981495991627247,31
full_finetune,2015,41,0.6226099729537964,0.6075658202171326,0.7890563813529401,31
full_finetune,2015,42,1.105791449546814,0.7996983528137207,1.0515661888567995,31
full_finetune,2015,43,1.5667195320129395,0.8749781847000122,1.2516866748563473,31
full_finetune,2015,44,1.1880842447280884,0.780815064907074,1.0899927727870897,31
full_finetune,2015,45,0.9517213702201843,0.7100300788879395,0.9755620791216643,31
full_finetune,2015,46,1.2516214847564697,0.8604360818862915,1.118758903766343,31
full_finetune,2015,47,1.030357837677002,0.6857897639274597,1.0150654351700692,31
full_finetune,2015,48,0.7517403364181519,0.6297021508216858,0.8670296052720183,31
full_finetune,2015,49,0.8789166808128357,0.7595819234848022,0.9375055630836735,31
full_finetune,2016,0,0.7502695918083191,0.6012683510780334,0.8661810387028333,32
full_finetune,2016,1,0.34952619671821594,0.43743377923965454,0.5912074058384383,32
full_finetune,2016,2,1.7407922744750977,1.0480735301971436,1.3193908725146986,32
full_finetune,2016,3,0.5436170101165771,0.5421361327171326,0.7373038790868912,32
full_finetune,2016,4,0.6501091718673706,0.6372424364089966,0.8062934775051641,32
full_finetune,2016,5,0.47122445702552795,0.5460506677627563,0.6864579062298926,32
full_finetune,2016,6,0.5843979716300964,0.5894355177879333,0.7644592674761007,32
full_finetune,2016,7,0.6568734049797058,0.6124160289764404,0.8104772698723302,32
full_finetune,2016,8,0.44892793893814087,0.5517880916595459,0.6700208496294282,32
full_finetune,2016,9,0.6768379211425781,0.5778025388717651,0.8227015990883804,32
full_finetune,2016,10,0.7512679696083069,0.6990123987197876,0.8667571572293515,32
full_finetune,2016,11,0.2555849850177765,0.36789044737815857,0.5055541365845764,32
full_finetune,2016,12,0.7597665786743164,0.75350421667099,0.8716459021152548,32
full_finetune,2016,13,0.7091248035430908,0.6025311946868896,0.8420954836258717,32
full_finetune,2016,14,0.37401607632637024,0.4671364724636078,0.6115685377178671,32
full_finetune,2016,15,0.36850401759147644,0.5199028253555298,0.6070453175764363,32
full_finetune,2016,16,1.3889806270599365,0.7954473495483398,1.1785502225446043,32
full_finetune,2016,17,1.198058009147644,0.7571473717689514,1.0945583626045914,32
full_finetune,2016,18,0.7400338649749756,0.6191083192825317,0.8602522100959553,32
full_finetune,2016,19,0.6743041276931763,0.5775154829025269,0.8211602326544901,32
full_finetune,2016,20,0.7099689245223999,0.6603531837463379,0.842596537212443,32
full_finetune,2016,21,0.3489709496498108,0.4789217710494995,0.5907376318212771,32
full_finetune,2016,22,0.6453808546066284,0.6007336378097534,0.8033559949403679,32
full_finetune,2016,23,0.7649847269058228,0.6728718876838684,0.8746340531364091,32
full_finetune,2016,24,0.7091912031173706,0.7024356722831726,0.842134907908092,32
full_finetune,2016,25,0.9597623348236084,0.6278368234634399,0.9796746066034417,32
full_finetune,2016,26,0.8586210608482361,0.6558283567428589,0.9266180771214406,32
full_finetune,2016,27,0.7046929597854614,0.5928406119346619,0.8394599214884898,32
full_finetune,2016,28,0.42866629362106323,0.48291826248168945,0.6547261210774038,32
full_finetune,2016,29,0.7310198545455933,0.6378751993179321,0.8549969909570403,32
full_finetune,2016,30,0.585926353931427,0.5405484437942505,0.7654582640036144,32
full_finetune,2016,31,1.8789846897125244,0.9356491565704346,1.3707606245119985,32
full_finetune,2016,32,1.041738510131836,0.7707797884941101,1.020655921519018,32
full_finetune,2016,33,0.406451553106308,0.4889187514781952,0.6375355308579342,32
full_finetune,2016,34,0.47354549169540405,0.5157589912414551,0.6881464173382028,32
full_finetune,2016,35,0.37868744134902954,0.46259331703186035,0.6153758537260213,32
full_finetune,2016,36,0.7780098915100098,0.5948281288146973,0.8820486899882624,32
full_finetune,2016,37,0.9494377374649048,0.6832889318466187,0.9743909571957782,32
full_finetune,2016,38,0.5095293521881104,0.524975597858429,0.713813247417075,32
full_finetune,2016,39,1.375408411026001,0.8536648750305176,1.1727780740728404,32
full_finetune,2016,40,0.9079473614692688,0.6571673154830933,0.9528627191097723,32
full_finetune,2016,41,0.4778037965297699,0.5726989507675171,0.6912335325559444,32
full_finetune,2016,42,1.0289833545684814,0.6442753076553345,1.0143881676007866,32
full_finetune,2016,43,0.5159462094306946,0.5371856689453125,0.7182939575345839,32
full_finetune,2016,44,0.5622031688690186,0.5269750356674194,0.7498020864661677,32
full_finetune,2016,45,1.1054545640945435,0.8153921365737915,1.0514059939407534,32
full_finetune,2016,46,0.2645309567451477,0.41974523663520813,0.5143257301994016,32
full_finetune,2016,47,0.475110799074173,0.5657117366790771,0.6892828150143981,32
full_finetune,2016,48,1.3065191507339478,0.7807493209838867,1.1430306866982827,32
full_finetune,2016,49,0.4478267729282379,0.5374136567115784,0.6691986049957351,32
full_finetune,2017,0,0.4910038411617279,0.5712478160858154,0.7007166625403793,27
full_finetune,2017,1,0.3787001967430115,0.4742438793182373,0.6153862175439189,27
full_finetune,2017,2,0.8797970414161682,0.7257957458496094,0.9379749684379473,27
full_finetune,2017,3,0.5696750283241272,0.5253465175628662,0.7547681950931208,27
full_finetune,2017,4,0.7958540320396423,0.6964653730392456,0.892106513842177,27
full_finetune,2017,5,0.43611830472946167,0.5581192970275879,0.6603925383659794,27
full_finetune,2017,6,0.5266312956809998,0.5499362945556641,0.7256936651790477,27
full_finetune,2017,7,0.5857312679290771,0.5820414423942566,0.7653308225395585,27
full_finetune,2017,8,0.33192500472068787,0.49846789240837097,0.576129329856316,27
full_finetune,2017,9,0.255056232213974,0.3894546627998352,0.5050309220374273,27
full_finetune,2017,10,0.3961792588233948,0.5118685960769653,0.629427723272017,27
full_finetune,2017,11,0.3243756592273712,0.4514023959636688,0.5695398662318304,27
full_finetune,2017,12,0.5188191533088684,0.5140002965927124,0.7202910198724322,27
full_finetune,2017,13,0.47574111819267273,0.5605872273445129,0.689739891693001,27
full_finetune,2017,14,0.34351983666419983,0.4892819821834564,0.5861056531583703,27
full_finetune,2017,15,0.5010638236999512,0.5858096480369568,0.707858618440117,27
full_finetune,2017,16,0.4247930645942688,0.5078139901161194,0.6517615089848962,27
full_finetune,2017,17,0.644087553024292,0.6222103238105774,0.802550654491224,27
full_finetune,2017,18,0.5945997834205627,0.6099376082420349,0.7711029655114566,27
full_finetune,2017,19,0.5944745540618896,0.6117855906486511,0.7710217597849555,27
full_finetune,2017,20,0.5770760774612427,0.5734509825706482,0.7596552359203763,27
full_finetune,2017,21,0.40449288487434387,0.45671793818473816,0.6359975509971275,27
full_finetune,2017,22,0.5323581099510193,0.5187339186668396,0.7296287480294477,27
full_finetune,2017,23,0.5528200268745422,0.5830131769180298,0.7435186795733798,27
full_finetune,2017,24,0.30335453152656555,0.4637307822704315,0.5507762989876793,27
full_finetune,2017,25,0.4857121706008911,0.527843713760376,0.6969305349896008,27
full_finetune,2017,26,0.42308399081230164,0.514240562915802,0.6504490685767039,27
full_finetune,2017,27,0.201810821890831,0.3565216362476349,0.44923359390280576,27
full_finetune,2017,28,0.46311548352241516,0.5074557065963745,0.6805258874741027,27
full_finetune,2017,29,0.48879700899124146,0.5949582457542419,0.6991401926589841,27
full_finetune,2017,30,0.45140624046325684,0.5349344611167908,0.6718677254216464,27
full_finetune,2017,31,0.4215984344482422,0.5315873026847839,0.6493061176735071,27
full_finetune,2017,32,0.5510438084602356,0.5839012861251831,0.742323250653134,27
full_finetune,2017,33,0.487649142742157,0.5688286423683167,0.6983187973570216,27
full_finetune,2017,34,0.3422887325286865,0.3829270601272583,0.5850544697108865,27
full_finetune,2017,35,0.38287147879600525,0.4581655263900757,0.6187660937672694,27
full_finetune,2017,36,0.5682608485221863,0.5764212608337402,0.7538307824188306,27
full_finetune,2017,37,0.4782099425792694,0.5617230534553528,0.6915272536778788,27
full_finetune,2017,38,0.3793635070323944,0.4592621624469757,0.6159249199637845,27
full_finetune,2017,39,0.5540453791618347,0.5993792414665222,0.7443422459875798,27
full_finetune,2017,40,0.6773983836174011,0.6482544541358948,0.8230421517865297,27
full_finetune,2017,41,0.4116017520427704,0.4903911352157593,0.6415619627462108,27
full_finetune,2017,42,0.4616072475910187,0.5696806311607361,0.6794168437645763,27
full_finetune,2017,43,0.5523014664649963,0.5599477291107178,0.7431698772588918,27
full_finetune,2017,44,0.42737698554992676,0.45342695713043213,0.6537407632616515,27
full_finetune,2017,45,0.6537922620773315,0.6514923572540283,0.8085742155654801,27
full_finetune,2017,46,0.4533371329307556,0.5742339491844177,0.6733031508397652,27
full_finetune,2017,47,0.4424130618572235,0.5004865527153015,0.665141384862815,27
full_finetune,2017,48,0.2468862682580948,0.390546590089798,0.4968765120813166,27
full_finetune,2017,49,0.5206595659255981,0.590804934501648,0.7215674368523002,27
full_finetune,2018,0,0.7690810561180115,0.6945337653160095,0.8769726655477988,29
full_finetune,2018,1,0.8506863713264465,0.6317492127418518,0.9223266077298468,29
full_finetune,2018,2,0.5562810301780701,0.5653322339057922,0.7458424968973477,29
full_finetune,2018,3,0.44777530431747437,0.5358925461769104,0.6691601484827637,29
full_finetune,2018,4,1.115418553352356,0.7657760977745056,1.056133776257703,29
full_finetune,2018,5,0.7376213073730469,0.5298643708229065,0.8588488268450082,29
full_finetune,2018,6,0.8587332367897034,0.6443145871162415,0.9266786049055538,29
full_finetune,2018,7,1.2830848693847656,0.8476757407188416,1.1327333619986504,29
full_finetune,2018,8,0.7855390906333923,0.7009904384613037,0.8863064315649483,29
full_finetune,2018,9,0.8554069995880127,0.6456171274185181,0.9248821544326675,29
full_finetune,2018,10,0.995968759059906,0.6669051647186279,0.9979823440622113,29
full_finetune,2018,11,0.7509056329727173,0.7006482481956482,0.8665481134782519,29
full_finetune,2018,12,0.2286139726638794,0.37059375643730164,0.4781359353404421,29
full_finetune,2018,13,0.538638710975647,0.5924900770187378,0.7339200984955018,29
full_finetune,2018,14,0.7147907018661499,0.6052812933921814,0.8454529566251158,29
full_finetune,2018,15,0.9470481276512146,0.6273157596588135,0.9731639777813473,29
full_finetune,2018,16,0.8818555474281311,0.6535056829452515,0.9390716412649948,29
full_finetune,2018,17,0.39584511518478394,0.4653075039386749,0.6291622328023067,29
full_finetune,2018,18,1.164259433746338,0.7802020311355591,1.0790085420173179,29
full_finetune,2018,19,2.0987043380737305,0.8891974687576294,1.4486905598069348,29
full_finetune,2018,20,0.562919557094574,0.5281396508216858,0.7502796525926676,29
full_finetune,2018,21,0.4761303961277008,0.513614296913147,0.6900220258279447,29
full_finetune,2018,22,1.1943631172180176,0.8433694243431091,1.0928692132263667,29
full_finetune,2018,23,0.8691650032997131,0.5976188778877258,0.932290192643746,29
full_finetune,2018,24,1.282244324684143,0.6451464891433716,1.1323622762544427,29
full_finetune,2018,25,0.9853852391242981,0.6825075745582581,0.9926657237581532,29
full_finetune,2018,26,0.5537353157997131,0.5665902495384216,0.7441339367343174,29
full_finetune,2018,27,0.7486267685890198,0.7151190638542175,0.8652322050114754,29
full_finetune,2018,28,0.5711847543716431,0.6079326272010803,0.7557676589876303,29
full_finetune,2018,29,1.517820954322815,0.773379385471344,1.2319987639290937,29
full_finetune,2018,30,0.40061062574386597,0.4834367632865906,0.6329380899771051,29
full_finetune,2018,31,0.3716816306114197,0.4753243625164032,0.6096569778255799,29
full_finetune,2018,32,1.064616084098816,0.7561048865318298,1.0318023473993534,29
full_finetune,2018,33,0.8391662836074829,0.5675265789031982,0.9160601964977426,29
full_finetune,2018,34,0.9036921262741089,0.5640111565589905,0.950627227820721,29
full_finetune,2018,35,1.094133973121643,0.7687926888465881,1.0460085913230555,29
full_finetune,2018,36,0.845035970211029,0.5391846895217896,0.9192583805497936,29
full_finetune,2018,37,0.5752606987953186,0.5673226714134216,0.758459424620275,29
full_finetune,2018,38,0.23986604809761047,0.402487576007843,0.48976121538726447,29
full_finetune,2018,39,0.32362544536590576,0.3890588879585266,0.5688808709790704,29
full_finetune,2018,40,0.5340956449508667,0.6218090653419495,0.7308184760601408,29
full_finetune,2018,41,1.005510926246643,0.6801358461380005,1.0027516772594514,29
full_finetune,2018,42,0.5101338624954224,0.5728366374969482,0.714236559198297,29
full_finetune,2018,43,0.4918302595615387,0.6146363615989685,0.7013061097420574,29
full_finetune,2018,44,0.46956580877304077,0.5402030348777771,0.6852487203731509,29
full_finetune,2018,45,1.2927792072296143,0.8596758842468262,1.1370044886585164,29
full_finetune,2018,46,1.460186243057251,0.7690590023994446,1.2083816628272919,29
full_finetune,2018,47,1.0686087608337402,0.72509765625,1.0337353437092784,29
full_finetune,2018,48,0.8928893804550171,0.6162093877792358,0.9449282409024597,29
full_finetune,2018,49,1.4237275123596191,0.7795416712760925,1.1932005331710254,29
full_finetune,2019,0,0.9422038793563843,0.7548278570175171,0.9706718700757657,23
full_finetune,2019,1,0.9057015180587769,0.6945046782493591,0.9516835178034644,23
full_finetune,2019,2,1.6576813459396362,0.9923916459083557,1.2875097459590883,23
full_finetune,2019,3,0.2909700870513916,0.40436065196990967,0.5394164319441813,23
full_finetune,2019,4,1.0466454029083252,0.6649417281150818,1.0230568913351423,23
full_finetune,2019,5,0.7931800484657288,0.7371624708175659,0.890606562105697,23
full_finetune,2019,6,0.4966456890106201,0.5093420147895813,0.7047309337687825,23
full_finetune,2019,7,1.635425090789795,0.7209343314170837,1.278837398104151,23
full_finetune,2019,8,1.6754378080368042,0.8478522896766663,1.2943870395043378,23
full_finetune,2019,9,2.386667251586914,1.0312986373901367,1.5448842194763057,23
full_finetune,2019,10,1.2918380498886108,0.7253257036209106,1.1365905374797958,23
full_finetune,2019,11,0.3648754954338074,0.4175770878791809,0.6040492491790775,23
full_finetune,2019,12,0.3262544572353363,0.3732510507106781,0.5711868846842829,23
full_finetune,2019,13,1.6217782497406006,0.8781872391700745,1.273490577012881,23
full_finetune,2019,14,0.7987122535705566,0.6752921342849731,0.8937070289365283,23
full_finetune,2019,15,0.860882043838501,0.5816258192062378,0.9278372938390119,23
full_finetune,2019,16,0.6156026124954224,0.5594847202301025,0.7846034746898731,23
full_finetune,2019,17,1.221022367477417,0.8314423561096191,1.1049988088126688,23
full_finetune,2019,18,1.1640764474868774,0.785043478012085,1.078923744982414,23
full_finetune,2019,19,0.6902191638946533,0.6231364607810974,0.8307942969800968,23
full_finetune,2019,20,0.44220539927482605,0.4722042977809906,0.6649852624493463,23
full_finetune,2019,21,0.23276443779468536,0.35877174139022827,0.48245666934418613,23
full_finetune,2019,22,2.1058120727539062,0.9228145480155945,1.4511416446211949,23
full_finetune,2019,23,0.8022797703742981,0.684110164642334,0.895700714733609,23
full_finetune,2019,24,0.6995972394943237,0.6321213841438293,0.8364192964622013,23
full_finetune,2019,25,0.5518850088119507,0.43514445424079895,0.7428896343414347,23
full_finetune,2019,26,2.0903823375701904,0.7629684209823608,1.4458154576467186,23
full_finetune,2019,27,0.705295741558075,0.6554860472679138,0.8398188742568691,23
full_finetune,2019,28,0.36334386467933655,0.5066508650779724,0.6027801130423402,23
full_finetune,2019,29,0.747319757938385,0.6278033256530762,0.8644765803296148,23
full_finetune,2019,30,1.0591559410095215,0.7294788360595703,1.0291530211827207,23
full_finetune,2019,31,0.7656822800636292,0.663196325302124,0.8750327308527546,23
full_finetune,2019,32,0.6215398907661438,0.4950665235519409,0.7883780126095247,23
full_finetune,2019,33,1.5896217823028564,0.8545446991920471,1.2608020392999277,23
full_finetune,2019,34,1.2681838274002075,0.7637572884559631,1.1261366823792782,23
full_finetune,2019,35,1.725171685218811,0.7410174608230591,1.3134579114759677,23
full_finetune,2019,36,0.14010478556156158,0.2948019504547119,0.3743057380826022,23
full_finetune,2019,37,0.8585080504417419,0.6817600727081299,0.9265570950792735,23
full_finetune,2019,38,0.6988784670829773,0.5856001973152161,0.8359895137398419,23
full_finetune,2019,39,1.3189234733581543,0.9273494482040405,1.1484439356617084,23
full_finetune,2019,40,2.0673842430114746,0.8318244218826294,1.4378401312425086,23
full_finetune,2019,41,1.628904104232788,0.7010642290115356,1.276285275411727,23
full_finetune,2019,42,1.2613575458526611,0.7247987985610962,1.1231017522257996,23
full_finetune,2019,43,0.4754748046398163,0.5586375594139099,0.6895468110576803,23
full_finetune,2019,44,0.47265204787254333,0.520329475402832,0.6874969439005117,23
full_finetune,2019,45,0.5046959519386292,0.5475069284439087,0.7104195604983221,23
full_finetune,2019,46,1.288487195968628,0.7566558718681335,1.135115498955339,23
full_finetune,2019,47,1.238391399383545,0.8112990260124207,1.1128303551680934,23
full_finetune,2019,48,0.6160715818405151,0.5276883244514465,0.7849022753442082,23
full_finetune,2019,49,1.7862374782562256,0.7640976309776306,1.3365019559492703,23
full_finetune,post_2005_plus,0,0.6252128481864929,0.5634182691574097,0.790704020595882,437
full_finetune,post_2005_plus,1,0.8649421334266663,0.6310834288597107,0.9300226521040583,437
full_finetune,post_2005_plus,2,0.7493550777435303,0.6249328255653381,0.8656529776668768,437
full_finetune,post_2005_plus,3,0.6189960241317749,0.5648682713508606,0.7867630037894352,437
full_finetune,post_2005_plus,4,0.8244637250900269,0.6331717371940613,0.9079998486178436,437
full_finetune,post_2005_plus,5,0.6773039102554321,0.604525625705719,0.822984757000658,437
full_finetune,post_2005_plus,6,0.6013838052749634,0.5711084604263306,0.775489397267921,437
full_finetune,post_2005_plus,7,0.7619996070861816,0.6229130625724792,0.87292588865618,437
full_finetune,post_2005_plus,8,0.5447205901145935,0.5572887063026428,0.7380518884974101,437
full_finetune,post_2005_plus,9,0.634429395198822,0.5781257152557373,0.7965107627639579,437
full_finetune,post_2005_plus,10,0.9863117933273315,0.6787934303283691,0.9931323141089164,437
full_finetune,post_2005_plus,11,0.9570807218551636,0.6516323685646057,0.9783050249565131,437
full_finetune,post_2005_plus,12,0.5870938301086426,0.5551942586898804,0.7662204840048604,437
full_finetune,post_2005_plus,13,0.7805761098861694,0.6181629300117493,0.8835021844263711,437
full_finetune,post_2005_plus,14,0.7144943475723267,0.5756505727767944,0.8452776748337357,437
full_finetune,post_2005_plus,15,0.6785576939582825,0.5915604829788208,0.8237461344117388,437
full_finetune,post_2005_plus,16,0.8494715690612793,0.6410830020904541,0.921667819260974,437
full_finetune,post_2005_plus,17,0.6855998635292053,0.5976756811141968,0.8280095793704354,437
full_finetune,post_2005_plus,18,0.6690053939819336,0.5911137461662292,0.8179274992210089,437
full_finetune,post_2005_plus,19,0.8119949102401733,0.6318219304084778,0.9011076019211987,437
full_finetune,post_2005_plus,20,0.6845316886901855,0.5848941802978516,0.8273643022817612,437
full_finetune,post_2005_plus,21,0.6396157145500183,0.5846301913261414,0.7997597855293915,437
full_finetune,post_2005_plus,22,0.9448140263557434,0.6634418368339539,0.9720154455335283,437
full_finetune,post_2005_plus,23,0.9055536985397339,0.6298810839653015,0.9516058525144399,437
full_finetune,post_2005_plus,24,0.7226452231407166,0.6198612451553345,0.8500854210846793,437
full_finetune,post_2005_plus,25,0.7853003740310669,0.6478144526481628,0.8861717519934084,437
full_finetune,post_2005_plus,26,0.5717326998710632,0.5702864527702332,0.756130081316081,437
full_finetune,post_2005_plus,27,0.9406307935714722,0.6379389762878418,0.9698612238725044,437
full_finetune,post_2005_plus,28,0.7445583939552307,0.6086729764938354,0.8628779716479212,437
full_finetune,post_2005_plus,29,0.7709491848945618,0.6234537363052368,0.8780371204536638,437
full_finetune,post_2005_plus,30,0.8157267570495605,0.611081600189209,0.9031759280724662,437
full_finetune,post_2005_plus,31,0.618708610534668,0.5718957185745239,0.7865803268164466,437
full_finetune,post_2005_plus,32,0.7838236689567566,0.6147640347480774,0.8853381664407994,437
full_finetune,post_2005_plus,33,0.7687781453132629,0.6255819201469421,0.8767999460043682,437
full_finetune,post_2005_plus,34,0.9622970819473267,0.6718485951423645,0.9809674214505427,437
full_finetune,post_2005_plus,35,0.7960776090621948,0.6281794309616089,0.8922318135228058,437
full_finetune,post_2005_plus,36,0.7613162398338318,0.6246933341026306,0.8725343774510158,437
full_finetune,post_2005_plus,37,0.7678458094596863,0.6366697549819946,0.8762681150536554,437
full_finetune,post_2005_plus,38,0.7407440543174744,0.6145963668823242,0.8606648908358435,437
full_finetune,post_2005_plus,39,0.9325985312461853,0.6628620028495789,0.9657114119892056,437
full_finetune,post_2005_plus,40,0.7847051620483398,0.6063898801803589,0.8858358550252636,437
full_finetune,post_2005_plus,41,0.6723860502243042,0.5785129070281982,0.8199914939950927,437
full_finetune,post_2005_plus,42,0.959604799747467,0.651983380317688,0.9795942015689287,437
full_finetune,post_2005_plus,43,0.5808902978897095,0.5500328540802002,0.7621615956539068,437
full_finetune,post_2005_plus,44,0.7594467401504517,0.6083775162696838,0.8714624146516312,437
full_finetune,post_2005_plus,45,0.8814865350723267,0.6391610503196716,0.9388751434947709,437
full_finetune,post_2005_plus,46,0.9748303890228271,0.6780120134353638,0.9873349933142384,437
full_finetune,post_2005_plus,47,0.6766756176948547,0.5801095962524414,0.8226029526417071,437
full_finetune,post_2005_plus,48,0.8094901442527771,0.6034435629844666,0.8997167022195248,437
full_finetune,post_2005_plus,49,0.6860100626945496,0.5700993537902832,0.8282572442753214,437
