stage,encoder_hidden,depth,dropout,lr,weight_decay,seed,best_val_mse,best_epoch,epochs_ran
A,"(512, 256, 128, 64)",4,0.1,0.003,0.001,0,1.062353789806366,28,53
A,"(512, 256, 128, 64)",4,0.1,0.003,0.0001,0,1.0631993561983109,28,53
A,"(512, 256, 128, 64)",4,0.1,0.003,0.0,0,1.0650895684957504,28,53
A,"(512, 256, 128)",3,0.1,0.001,0.0,0,1.0652503073215485,77,102
A,"(512, 256, 128)",3,0.1,0.001,1e-05,0,1.0652503073215485,77,102
A,"(512, 256, 128, 64)",4,0.1,0.003,1e-05,0,1.0657122433185577,28,53
A,"(512, 256, 128)",3,0.1,0.001,0.0001,0,1.0671014785766602,68,93
A,"(512, 256, 128)",3,0.1,0.001,0.001,0,1.068391814827919,77,102
A,"(512, 256)",2,0.0,0.001,0.0001,0,1.068654552102089,45,70
A,"(512, 256)",2,0.0,0.001,0.001,0,1.068901613354683,45,70
A,"(512, 256)",2,0.0,0.001,1e-05,0,1.069248527288437,45,70
A,"(512, 256)",2,0.0,0.001,0.0,0,1.069248527288437,45,70
A,"(256, 128)",2,0.0,0.001,1e-05,0,1.073366180062294,82,107
A,"(256, 128)",2,0.0,0.001,0.0,0,1.073366180062294,82,107
A,"(256, 128)",2,0.0,0.001,0.001,0,1.0745525509119034,82,107
A,"(256, 128)",2,0.0,0.001,0.0001,0,1.0753401964902878,82,107
A,"(256, 128)",2,0.1,0.003,0.0001,0,1.0758319050073624,62,87
A,"(512, 256)",2,0.0,0.0003,0.0,0,1.0761061012744904,116,141
A,"(512, 256)",2,0.0,0.0003,1e-05,0,1.0761061012744904,116,141
A,"(512, 512)",2,0.0,0.003,0.0,0,1.0763439685106277,34,59
A,"(512, 256)",2,0.0,0.0003,0.001,0,1.0766072571277618,116,141
A,"(256, 256)",2,0.1,0.003,0.0001,0,1.0770420134067535,47,72
A,"(512, 256)",2,0.0,0.0003,0.0001,0,1.077047049999237,116,141
A,"(256, 256)",2,0.2,0.001,0.0,0,1.0774656981229782,71,96
A,"(256, 256)",2,0.2,0.001,1e-05,0,1.0774656981229782,71,96
A,"(512, 256)",2,0.2,0.001,0.001,0,1.0780078917741776,75,100
A,"(512, 512)",2,0.1,0.0003,0.0001,0,1.0780136436223984,126,151
A,"(512, 512)",2,0.1,0.003,1e-05,0,1.0780280083417892,29,54
A,"(256, 128)",2,0.1,0.003,1e-05,0,1.0785161852836609,62,87
A,"(512, 512)",2,0.0,0.003,1e-05,0,1.0785175412893295,34,59
A,"(256, 128, 64)",3,0.1,0.003,0.001,0,1.0786168426275253,70,95
A,"(512, 256)",2,0.2,0.001,0.0,0,1.078782558441162,75,100
A,"(512, 256)",2,0.2,0.001,1e-05,0,1.078782558441162,75,100
A,"(256, 128)",2,0.1,0.003,0.001,0,1.0788506418466568,62,87
A,"(256, 128)",2,0.1,0.003,0.0,0,1.0790015161037445,62,87
A,"(512, 512)",2,0.0,0.003,0.0001,0,1.0791243314743042,34,59
A,"(512, 256)",2,0.1,0.001,0.0,0,1.0791306793689728,54,79
A,"(512, 256)",2,0.1,0.001,1e-05,0,1.0791306793689728,54,79
A,"(512, 256)",2,0.1,0.001,0.001,0,1.079286277294159,54,79
A,"(512, 512)",2,0.1,0.0003,0.001,0,1.07947239279747,126,151
A,"(512, 512)",2,0.1,0.003,0.0,0,1.079575002193451,29,54
A,"(512, 256)",2,0.2,0.001,0.0001,0,1.0796396434307098,75,100
A,"(512, 256)",2,0.1,0.001,0.0001,0,1.0801218748092651,54,79
A,"(512, 256, 128)",3,0.0,0.001,0.001,0,1.0801730901002884,32,57
A,"(256, 256)",2,0.1,0.001,1e-05,0,1.080192118883133,71,96
A,"(256, 256)",2,0.1,0.001,0.0,0,1.080192118883133,71,96
A,"(512, 512)",2,0.1,0.0003,0.0,0,1.0803449302911758,126,151
A,"(512, 512)",2,0.1,0.0003,1e-05,0,1.0803449302911758,126,151
A,"(512, 256, 128)",3,0.0,0.001,0.0,0,1.0813859850168228,32,57
A,"(512, 256, 128)",3,0.0,0.001,1e-05,0,1.0813859850168228,32,57
A,"(512, 512)",2,0.1,0.003,0.001,0,1.081960991024971,29,54
A,"(512, 256, 128)",3,0.0,0.001,0.0001,0,1.082231491804123,32,57
A,"(512, 512)",2,0.0,0.003,0.001,0,1.0824945271015167,34,59
A,"(512, 256, 128)",3,0.1,0.003,0.0001,0,1.0826131403446198,68,93
A,"(512, 512)",2,0.1,0.003,0.0001,0,1.082811400294304,29,54
A,"(256, 128, 64)",3,0.1,0.003,0.0,0,1.082948014140129,70,95
A,"(256, 256)",2,0.1,0.001,0.001,0,1.0831488370895386,71,96
A,"(256, 256)",2,0.1,0.001,0.0001,0,1.0836826115846634,71,96
A,"(256, 256)",2,0.2,0.001,0.001,0,1.0837967246770859,71,96
A,"(512, 512)",2,0.1,0.001,0.001,0,1.0839663296937943,66,91
A,"(512, 256, 128)",3,0.0,0.003,0.0001,0,1.0841858088970184,26,51
A,"(512, 512)",2,0.0,0.001,0.0001,0,1.0843087136745453,58,83
A,"(512, 256)",2,0.1,0.003,0.001,0,1.084399864077568,70,95
A,"(512, 256)",2,0.1,0.003,0.0001,0,1.0844061523675919,70,95
A,"(256, 256)",2,0.2,0.003,0.001,0,1.0844672620296478,71,96
A,"(512, 256, 128)",3,0.0,0.003,0.001,0,1.0845348089933395,26,51
A,"(512, 256, 128)",3,0.1,0.003,0.0,0,1.0845972895622253,68,93
A,"(512, 512)",2,0.1,0.001,1e-05,0,1.084771603345871,66,91
A,"(512, 512)",2,0.1,0.001,0.0,0,1.084771603345871,66,91
A,"(512, 256, 128)",3,0.0,0.003,1e-05,0,1.08511520922184,26,51
A,"(512, 256, 128)",3,0.1,0.003,0.001,0,1.0851845890283585,68,93
A,"(512, 256, 128)",3,0.1,0.003,1e-05,0,1.0852553695440292,68,93
A,"(256, 256)",2,0.2,0.001,0.0001,0,1.0852859765291214,71,96
A,"(512, 512)",2,0.1,0.001,0.0001,0,1.0855191797018051,66,91
A,"(256, 256)",2,0.1,0.003,0.0,0,1.0857805758714676,43,68
A,"(512, 512)",2,0.2,0.003,1e-05,0,1.086346372961998,62,87
A,"(512, 512)",2,0.2,0.003,0.001,0,1.086554080247879,62,87
A,"(512, 256, 128)",3,0.0,0.003,0.0,0,1.0865631401538849,26,51
A,"(256, 256)",2,0.2,0.003,0.0,0,1.0869107842445374,71,96
A,"(256, 256)",2,0.1,0.003,1e-05,0,1.0871481895446777,71,96
A,"(256, 128)",2,0.2,0.003,1e-05,0,1.0873102098703384,62,87
A,"(256, 128, 64)",3,0.0,0.0003,0.0001,0,1.0874461382627487,97,122
A,"(256, 128)",2,0.2,0.003,0.0,0,1.0875720530748367,62,87
A,"(512, 256, 128)",3,0.0,0.0003,1e-05,0,1.087746039032936,68,93
A,"(512, 256, 128)",3,0.0,0.0003,0.0,0,1.087746039032936,68,93
A,"(512, 256, 128)",3,0.0,0.0003,0.001,0,1.0878916680812836,68,93
A,"(256, 128, 64)",3,0.1,0.001,0.0,0,1.0879062414169312,81,106
A,"(256, 128, 64)",3,0.1,0.001,1e-05,0,1.0879062414169312,81,106
A,"(512, 256, 128)",3,0.0,0.0003,0.0001,0,1.0880169570446014,68,93
A,"(256, 128)",2,0.2,0.003,0.0001,0,1.0880507826805115,62,87
A,"(512, 512)",2,0.0,0.001,0.0,0,1.0881496220827103,58,83
A,"(512, 512)",2,0.0,0.001,1e-05,0,1.0881496220827103,58,83
A,"(512, 512)",2,0.0,0.0003,0.0001,0,1.0883596241474152,106,131
A,"(512, 256, 128, 64)",4,0.0,0.001,0.001,0,1.0884226262569427,41,66
A,"(512, 512)",2,0.0,0.0003,0.0,0,1.0884406864643097,106,131
A,"(512, 512)",2,0.0,0.0003,1e-05,0,1.0884406864643097,106,131
A,"(512, 512)",2,0.2,0.003,0.0,0,1.0884519815444946,62,87
A,"(512, 512)",2,0.0,0.001,0.001,0,1.0884582251310349,58,83
A,"(256, 256)",2,0.1,0.003,0.001,0,1.0889132618904114,43,68
A,"(512, 256, 128, 64)",4,0.0,0.001,1e-05,0,1.0889816731214523,41,66
A,"(512, 256, 128, 64)",4,0.0,0.001,0.0,0,1.0889816731214523,41,66
A,"(512, 512)",2,0.0,0.0003,0.001,0,1.0890472829341888,106,131
A,"(256, 128, 64)",3,0.1,0.001,0.0001,0,1.0891138762235641,81,106
A,"(256, 256)",2,0.2,0.003,1e-05,0,1.089182361960411,71,96
A,"(512, 256, 128, 64)",4,0.0,0.001,0.0001,0,1.089243859052658,41,66
A,"(256, 128, 64)",3,0.0,0.0003,0.0,0,1.0898300856351852,97,122
A,"(256, 128, 64)",3,0.0,0.0003,1e-05,0,1.0898300856351852,97,122
A,"(256, 128)",2,0.1,0.001,1e-05,0,1.0898825526237488,106,131
A,"(256, 128)",2,0.1,0.001,0.0,0,1.0898825526237488,106,131
A,"(256, 128)",2,0.1,0.001,0.0001,0,1.089925929903984,106,131
A,"(256, 128, 64)",3,0.0,0.0003,0.001,0,1.0904706418514252,97,122
A,"(256, 128)",2,0.1,0.001,0.001,0,1.0908042341470718,106,131
A,"(256, 128)",2,0.2,0.003,0.001,0,1.0908375680446625,62,87
A,"(256, 128, 64)",3,0.1,0.001,0.001,0,1.0910702347755432,81,106
A,"(512, 512)",2,0.2,0.003,0.0001,0,1.091968834400177,62,87
A,"(512, 256)",2,0.0,0.003,0.001,0,1.0925444513559341,31,56
A,"(512, 256)",2,0.1,0.0003,0.0,0,1.0941539853811264,107,132
A,"(512, 256)",2,0.1,0.0003,1e-05,0,1.0941539853811264,107,132
A,"(512, 256)",2,0.1,0.0003,0.0001,0,1.094283401966095,107,132
A,"(512, 256)",2,0.1,0.0003,0.001,0,1.0943789929151535,107,132
A,"(512, 256, 128)",3,0.2,0.003,0.0,0,1.0945290327072144,50,75
A,"(512, 256, 128)",3,0.2,0.003,1e-05,0,1.0945306718349457,50,75
A,"(512, 256)",2,0.0,0.003,0.0001,0,1.0947321653366089,31,56
A,"(256, 128)",2,0.0,0.003,0.001,0,1.0950848013162613,38,63
A,"(512, 256, 128, 64)",4,0.1,0.001,0.001,0,1.0951821058988571,28,53
A,"(512, 256)",2,0.0,0.003,0.0,0,1.0952855199575424,31,56
A,"(512, 256, 128)",3,0.2,0.003,0.001,0,1.0957433581352234,50,75
A,"(512, 256)",2,0.0,0.003,1e-05,0,1.0958634316921234,31,56
A,"(256, 256)",2,0.0,0.001,0.001,0,1.0958674848079681,93,118
A,"(512, 512)",2,0.2,0.001,0.001,0,1.0960180461406708,62,87
A,"(256, 128)",2,0.0,0.0003,0.001,0,1.0960545539855957,134,159
A,"(256, 128)",2,0.0,0.0003,0.0001,0,1.0960967987775803,134,159
A,"(512, 256, 128, 64)",4,0.1,0.001,1e-05,0,1.0961880385875702,28,53
A,"(512, 256, 128, 64)",4,0.1,0.001,0.0,0,1.0961880385875702,28,53
A,"(256, 128)",2,0.0,0.003,1e-05,0,1.0962270349264145,38,63
A,"(512, 256, 128)",3,0.2,0.003,0.0001,0,1.0963277965784073,50,75
A,"(256, 128)",2,0.0,0.0003,0.0,0,1.0964033603668213,134,159
A,"(256, 128)",2,0.0,0.0003,1e-05,0,1.0964033603668213,134,159
A,"(256, 128)",2,0.0,0.003,0.0001,0,1.096630409359932,38,63
A,"(256, 128)",2,0.0,0.003,0.0,0,1.0967050939798355,38,63
A,"(256, 128, 64)",3,0.0,0.003,0.001,0,1.0970194935798645,28,53
A,"(256, 128, 64)",3,0.0,0.003,1e-05,0,1.0973831713199615,28,53
A,"(256, 128, 64)",3,0.0,0.003,0.0001,0,1.0978561490774155,28,53
A,"(512, 256, 128, 64)",4,0.1,0.001,0.0001,0,1.0981152057647705,28,53
A,"(512, 512)",2,0.2,0.001,0.0001,0,1.0982779115438461,66,91
A,"(512, 512)",2,0.2,0.001,0.0,0,1.098351702094078,62,87
A,"(512, 512)",2,0.2,0.001,1e-05,0,1.098351702094078,62,87
A,"(256, 128, 64)",3,0.0,0.003,0.0,0,1.0990121066570282,28,53
A,"(512, 256)",2,0.2,0.003,1e-05,0,1.1001544743776321,48,73
A,"(512, 256, 128, 64)",4,0.0,0.0003,0.0001,0,1.1001886278390884,77,102
A,"(512, 256, 128, 64)",4,0.0,0.0003,1e-05,0,1.1002250462770462,77,102
A,"(512, 256, 128, 64)",4,0.0,0.0003,0.0,0,1.1002250462770462,77,102
A,"(512, 256, 128, 64)",4,0.0,0.0003,0.001,0,1.1002373099327087,77,102
A,"(256, 128)",2,0.2,0.001,0.0,0,1.1004248410463333,62,87
A,"(256, 128)",2,0.2,0.001,1e-05,0,1.1004248410463333,62,87
A,"(256, 128)",2,0.2,0.0003,0.0001,0,1.100718840956688,183,200
A,"(256, 128)",2,0.2,0.0003,0.0,0,1.101330116391182,183,200
A,"(256, 128)",2,0.2,0.0003,1e-05,0,1.101330116391182,183,200
A,"(512, 256)",2,0.2,0.003,0.0,0,1.1013392508029938,48,73
A,"(512, 256)",2,0.2,0.003,0.0001,0,1.1014925241470337,48,73
A,"(256, 128)",2,0.2,0.0003,0.001,0,1.1018398851156235,183,200
A,"(256, 128)",2,0.2,0.001,0.0001,0,1.1018735021352768,62,87
A,"(256, 128)",2,0.2,0.001,0.001,0,1.101955533027649,62,87
A,"(512, 256, 128, 64)",4,0.1,0.0003,0.0,0,1.1019690781831741,107,132
A,"(512, 256, 128, 64)",4,0.1,0.0003,1e-05,0,1.1019690781831741,107,132
A,"(256, 128, 64)",3,0.2,0.003,0.0001,0,1.1035849004983902,36,61
A,"(256, 256)",2,0.2,0.0003,1e-05,0,1.1040349304676056,155,180
A,"(256, 256)",2,0.2,0.0003,0.0,0,1.1040349304676056,155,180
A,"(256, 128, 64)",3,0.2,0.003,1e-05,0,1.1041682660579681,36,61
A,"(512, 256)",2,0.2,0.003,0.001,0,1.1042699217796326,48,73
A,"(512, 256)",2,0.2,0.0003,0.001,0,1.1045884490013123,144,169
A,"(256, 256)",2,0.0,0.003,0.0,0,1.104859858751297,48,73
A,"(512, 256)",2,0.2,0.0003,0.0,0,1.1048835217952728,144,169
A,"(512, 256)",2,0.2,0.0003,1e-05,0,1.1048835217952728,144,169
A,"(512, 256)",2,0.2,0.0003,0.0001,0,1.1049741953611374,144,169
A,"(256, 128)",2,0.1,0.0003,0.0001,0,1.1050898432731628,195,200
A,"(256, 128, 64)",3,0.2,0.003,0.0,0,1.105148434638977,36,61
A,"(256, 256)",2,0.0,0.003,0.001,0,1.1052384227514267,54,79
A,"(256, 128, 64)",3,0.2,0.003,0.001,0,1.105343997478485,36,61
A,"(512, 256, 128, 64)",4,0.0,0.003,0.0,0,1.105929747223854,41,66
A,"(512, 256, 128, 64)",4,0.0,0.003,1e-05,0,1.1062482595443726,37,62
A,"(512, 256)",2,0.1,0.003,0.0,0,1.1066301465034485,54,79
A,"(512, 256, 128)",3,0.2,0.001,0.0001,0,1.1066450774669647,46,71
A,"(256, 256)",2,0.2,0.0003,0.0001,0,1.106927290558815,155,180
A,"(512, 256, 128, 64)",4,0.0,0.003,0.0001,0,1.1073918491601944,41,66
A,"(256, 256)",2,0.0,0.003,0.0001,0,1.1074535250663757,54,79
A,"(256, 256)",2,0.2,0.0003,0.001,0,1.107477679848671,155,180
A,"(512, 256, 128)",3,0.2,0.001,0.001,0,1.107812911272049,46,71
A,"(512, 256)",2,0.1,0.003,1e-05,0,1.1082538217306137,54,79
A,"(512, 256, 128, 64)",4,0.0,0.003,0.001,0,1.1087178438901901,37,62
A,"(256, 256)",2,0.0,0.003,1e-05,0,1.1098162084817886,48,73
A,"(512, 256, 128)",3,0.2,0.001,0.0,0,1.1102120578289032,46,71
A,"(512, 256, 128)",3,0.2,0.001,1e-05,0,1.1102120578289032,46,71
A,"(256, 128, 64)",3,0.0,0.001,0.0001,0,1.1112547367811203,55,80
A,"(256, 128, 64)",3,0.0,0.001,0.0,0,1.111327886581421,53,78
A,"(256, 128, 64)",3,0.0,0.001,1e-05,0,1.111327886581421,53,78
A,"(256, 128)",2,0.1,0.0003,1e-05,0,1.1114220172166824,171,196
A,"(256, 128)",2,0.1,0.0003,0.0,0,1.1114220172166824,171,196
A,"(256, 128, 64)",3,0.0,0.001,0.001,0,1.1118755638599396,55,80
A,"(256, 256)",2,0.2,0.003,0.0001,0,1.1141141504049301,27,52
A,"(512, 256, 128, 64)",4,0.1,0.0003,0.0001,0,1.1141769140958786,86,111
A,"(256, 128)",2,0.1,0.0003,0.001,0,1.1149120181798935,171,196
A,"(512, 256, 128, 64)",4,0.1,0.0003,0.001,0,1.1152165979146957,69,94
A,"(512, 512)",2,0.2,0.0003,0.0,0,1.1164160817861557,126,151
A,"(512, 512)",2,0.2,0.0003,1e-05,0,1.1164160817861557,126,151
A,"(512, 512)",2,0.2,0.0003,0.0001,0,1.1168411523103714,126,151
A,"(512, 512)",2,0.2,0.0003,0.001,0,1.1172995865345001,126,151
A,"(128,)",1,0.0,0.003,0.0,0,1.1187025755643845,129,154
A,"(128,)",1,0.0,0.001,0.0001,0,1.1191026866436005,174,199
A,"(128,)",1,0.0,0.003,0.001,0,1.1197411864995956,129,154
A,"(128,)",1,0.0,0.001,1e-05,0,1.1198886185884476,174,199
A,"(128,)",1,0.0,0.001,0.0,0,1.1198886185884476,174,199
A,"(128,)",1,0.0,0.003,0.0001,0,1.1220476031303406,112,137
A,"(256, 256)",2,0.0,0.0003,0.0,0,1.1222269833087921,136,161
A,"(256, 256)",2,0.0,0.0003,1e-05,0,1.1222269833087921,136,161
A,"(128,)",1,0.0,0.001,0.001,0,1.1222389340400696,200,200
A,"(128,)",1,0.0,0.003,1e-05,0,1.122306764125824,112,137
A,"(256, 256)",2,0.0,0.0003,0.001,0,1.1224247366189957,136,161
A,"(256, 256)",2,0.0,0.0003,0.0001,0,1.1226846426725388,136,161
A,"(512, 256, 128, 64)",4,0.2,0.001,0.0001,0,1.1234382688999176,30,55
A,"(256, 256)",2,0.0,0.001,0.0,0,1.12375870347023,52,77
A,"(256, 256)",2,0.0,0.001,1e-05,0,1.12375870347023,52,77
A,"(512, 256, 128)",3,0.1,0.0003,0.0,0,1.123762384057045,79,104
A,"(512, 256, 128)",3,0.1,0.0003,1e-05,0,1.123762384057045,79,104
A,"(512, 256, 128, 64)",4,0.2,0.001,1e-05,0,1.1241465955972672,30,55
A,"(512, 256, 128, 64)",4,0.2,0.001,0.0,0,1.1241465955972672,30,55
A,"(256, 256)",2,0.0,0.001,0.0001,0,1.1243008077144623,52,77
A,"(512, 256, 128)",3,0.1,0.0003,0.0001,0,1.1248713284730911,79,104
A,"(512, 256, 128)",3,0.1,0.0003,0.001,0,1.1254781037569046,79,104
A,"(512, 256, 128, 64)",4,0.2,0.001,0.001,0,1.1262367218732834,30,55
A,"(256, 128, 64)",3,0.1,0.003,0.0001,0,1.1294825226068497,29,54
A,"(256, 128, 64)",3,0.2,0.001,0.0001,0,1.130885288119316,56,81
A,"(256, 128, 64)",3,0.2,0.001,1e-05,0,1.13128262758255,56,81
A,"(256, 128, 64)",3,0.2,0.001,0.0,0,1.13128262758255,56,81
A,"(256, 128, 64)",3,0.1,0.0003,1e-05,0,1.1318413317203522,109,134
A,"(256, 128, 64)",3,0.1,0.0003,0.0,0,1.1318413317203522,109,134
A,"(256, 128, 64)",3,0.2,0.001,0.001,0,1.1326294541358948,56,81
A,"(512, 256, 128, 64)",4,0.2,0.003,0.0001,0,1.132895901799202,19,44
A,"(256, 128, 64)",3,0.1,0.0003,0.001,0,1.132918819785118,109,134
A,"(256, 128, 64)",3,0.1,0.003,1e-05,0,1.1331870704889297,29,54
A,"(512, 256, 128, 64)",4,0.2,0.003,1e-05,0,1.1332702934741974,19,44
A,"(256, 128, 64)",3,0.1,0.0003,0.0001,0,1.133348360657692,109,134
A,"(512, 256, 128, 64)",4,0.2,0.003,0.001,0,1.1344587951898575,19,44
A,"(512, 256, 128, 64)",4,0.2,0.003,0.0,0,1.1346604973077774,19,44
A,"(256, 256)",2,0.1,0.0003,0.001,0,1.1353964060544968,140,165
A,"(256, 256)",2,0.1,0.0003,0.0001,0,1.1355099231004715,140,165
A,"(256, 256)",2,0.1,0.0003,1e-05,0,1.1357654184103012,140,165
A,"(256, 256)",2,0.1,0.0003,0.0,0,1.1357654184103012,140,165
A,"(128,)",1,0.1,0.003,0.001,0,1.147277593612671,100,125
A,"(128,)",1,0.1,0.003,0.0,0,1.1476152837276459,100,125
A,"(128,)",1,0.1,0.003,1e-05,0,1.1477298140525818,100,125
A,"(128,)",1,0.2,0.003,1e-05,0,1.1528955549001694,84,109
A,"(128,)",1,0.2,0.003,0.0,0,1.1532399505376816,84,109
A,"(128,)",1,0.2,0.003,0.001,0,1.1540005207061768,84,109
A,"(128,)",1,0.2,0.003,0.0001,0,1.1545245945453644,87,112
A,"(512, 256, 128)",3,0.2,0.0003,0.001,0,1.1573875695466995,77,102
A,"(512, 256, 128)",3,0.2,0.0003,0.0001,0,1.1580160111188889,77,102
A,"(512, 256, 128)",3,0.2,0.0003,1e-05,0,1.1581445187330246,77,102
A,"(512, 256, 128)",3,0.2,0.0003,0.0,0,1.1581445187330246,77,102
A,"(128,)",1,0.1,0.001,1e-05,0,1.161642625927925,156,181
A,"(128,)",1,0.1,0.001,0.0,0,1.161642625927925,156,181
A,"(128,)",1,0.1,0.001,0.0001,0,1.161645084619522,156,181
A,"(128,)",1,0.1,0.001,0.001,0,1.161878302693367,156,181
A,"(128,)",1,0.1,0.003,0.0001,0,1.1643673181533813,107,132
A,"(128,)",1,0.2,0.001,0.0,0,1.1717467457056046,198,200
A,"(128,)",1,0.2,0.001,1e-05,0,1.1717467457056046,198,200
A,"(128,)",1,0.2,0.001,0.0001,0,1.173935905098915,166,191
A,"(256, 128, 64)",3,0.2,0.0003,0.001,0,1.1745778322219849,123,148
A,"(128,)",1,0.2,0.001,0.001,0,1.1747348755598068,166,191
A,"(256, 128, 64)",3,0.2,0.0003,0.0,0,1.1747748404741287,123,148
A,"(256, 128, 64)",3,0.2,0.0003,1e-05,0,1.1747748404741287,123,148
A,"(256, 128, 64)",3,0.2,0.0003,0.0001,0,1.1754744499921799,123,148
A,"(512, 256, 128, 64)",4,0.2,0.0003,0.0001,0,1.1804775297641754,50,75
A,"(512, 256, 128, 64)",4,0.2,0.0003,0.0,0,1.181484043598175,75,100
A,"(512, 256, 128, 64)",4,0.2,0.0003,1e-05,0,1.181484043598175,75,100
A,"(512, 256, 128, 64)",4,0.2,0.0003,0.001,0,1.1847699731588364,75,100
A,"(128,)",1,0.0,0.0003,0.0001,0,2.5703803300857544,200,200
A,"(128,)",1,0.0,0.0003,0.0,0,2.570480167865753,200,200
A,"(128,)",1,0.0,0.0003,1e-05,0,2.570480167865753,200,200
A,"(128,)",1,0.0,0.0003,0.001,0,2.5706193447113037,200,200
A,"(128,)",1,0.1,0.0003,1e-05,0,2.6445433497428894,200,200
A,"(128,)",1,0.1,0.0003,0.0,0,2.6445433497428894,200,200
A,"(128,)",1,0.1,0.0003,0.0001,0,2.6447542905807495,200,200
A,"(128,)",1,0.1,0.0003,0.001,0,2.6452868580818176,200,200
A,"(128,)",1,0.2,0.0003,1e-05,0,2.710330307483673,200,200
A,"(128,)",1,0.2,0.0003,0.0,0,2.710330307483673,200,200
A,"(128,)",1,0.2,0.0003,0.0001,0,2.710549771785736,200,200
A,"(128,)",1,0.2,0.0003,0.001,0,2.710870921611786,200,200
