train_loss,val_loss,train_mse,val_mse,train_mae,val_mae
4.247820695241292,3.748825192451477,4.718619847297669,1.6138584911823273,1.7214402039845784,0.9024309366941452
3.6723288377126058,3.5334901213645935,1.6003063678741456,1.4142587184906006,0.8987586379051209,0.8683701157569885
3.5208685398101807,3.4412474632263184,1.3415112018585205,1.3041776418685913,0.8272866129875183,0.8214528411626816
3.4177268664042155,3.417840301990509,1.1963749647140502,1.2574653178453445,0.7678675651550293,0.815854400396347
3.3699299971262615,3.3706312775611877,1.1430260419845581,1.2197324186563492,0.7470621267954508,0.7921095937490463
3.3413381576538086,3.358676016330719,1.1130470911661783,1.1843407154083252,0.733601967493693,0.7635649293661118
3.315101448694865,3.3592052459716797,1.0819191694259644,1.2309639006853104,0.7193299849828084,0.8012302368879318
3.2943305492401125,3.3488309383392334,1.0742316603660584,1.1984132379293442,0.7193551023801168,0.7836974114179611
3.288400729497274,3.3407734632492065,1.064077377319336,1.2103664875030518,0.7073662201563518,0.7953773438930511
3.2684497038523355,3.3499487042427063,1.0299174467722574,1.1676559746265411,0.7015477021535238,0.7825211882591248
3.2683221181233724,3.3504623770713806,1.0584806124369304,1.1780980378389359,0.7103469093640645,0.7809812724590302
3.257322343190511,3.3463053703308105,1.009895928700765,1.1985822468996048,0.6953021923700968,0.7897243350744247
3.2544805367787677,3.3397605419158936,1.0166473666826883,1.1673685312271118,0.6934497435887654,0.7720499783754349
3.2418723583221434,3.347081184387207,0.995155131816864,1.2129110097885132,0.6900032560030619,0.7781178057193756
3.22013463973999,3.333342969417572,0.9737953503926595,1.2611231207847595,0.6757688045501709,0.8001164793968201
3.218397331237793,3.3279826045036316,0.9736552755037944,1.2054868340492249,0.6826907475789388,0.7822522819042206
3.2172847747802735,3.3328007459640503,0.9661439379056295,1.1964261084794998,0.6774725834528605,0.7793840169906616
3.2132733186086018,3.334005653858185,0.9646800637245179,1.2003989815711975,0.678356158733368,0.7665737867355347
3.1860867977142333,3.3707579374313354,0.9530782143274943,1.244702696800232,0.6681781729062398,0.7880350798368454
3.19864764213562,3.3576602935791016,0.9562228798866272,1.2146052569150925,0.6784897208213806,0.7912851125001907
3.1951469739278155,3.346864402294159,0.9530718445777893,1.2111613154411316,0.6699025392532348,0.7976686209440231
3.1702115217844646,3.338441014289856,0.9079662799835205,1.1995607614517212,0.6568559805552164,0.7652747929096222
3.1780091762542724,3.384588360786438,0.9319743990898133,1.2079220712184906,0.6670427322387695,0.7669896930456161
3.199850591023763,3.354410946369171,0.9787380139033,1.269786611199379,0.6862877170244853,0.813266783952713
3.1561578114827475,3.3420854210853577,0.9168503125508626,1.245552659034729,0.652712345123291,0.7878798097372055
3.1417644023895264,3.3313546776771545,0.8928778688112895,1.1858572214841843,0.644301688671112,0.7571371793746948
3.1507583141326903,3.369634211063385,0.909038249651591,1.2370121479034424,0.6553942640622457,0.7804503738880157
3.1333123524983724,3.327970802783966,0.8939470926920573,1.105946958065033,0.6390188535054525,0.7588230222463608
3.142653799057007,3.312666594982147,0.8903728048006694,1.0870172381401062,0.6450530767440796,0.7478031814098358
3.1228045145670573,3.366426646709442,0.8769753058751424,1.170679435133934,0.6388554573059082,0.771453395485878
3.119204632441203,3.36481511592865,0.881885294119517,1.0819158554077148,0.6394732197125753,0.7654858231544495
3.0971155484517414,3.374983549118042,0.847787868976593,1.1745641231536865,0.6237241943677266,0.7718240022659302
3.097968610127767,3.36222380399704,0.8632714947064718,1.1414150595664978,0.625761079788208,0.7512499839067459
3.086899979909261,3.3676114082336426,0.8358969887097677,1.1835311651229858,0.61626718044281,0.7677596509456635
3.0833986441294354,3.365405321121216,0.8171619892120361,1.1239279210567474,0.6154736002286275,0.7645581960678101
3.0734091281890867,3.3814521431922913,0.8238462766011556,1.076864168047905,0.6146016240119934,0.755899041891098
3.0649976253509523,3.3759313821792603,0.7995097239812216,1.1490216553211212,0.6092353065808614,0.7647282481193542
3.063009818394979,3.4526517391204834,0.8066551744937897,1.2253700494766235,0.6061477224032085,0.8057817816734314
3.0616440773010254,3.406989872455597,0.7985574801762899,1.1988616436719894,0.6072778105735779,0.7885575145483017
3.068837801615397,3.4007059931755066,0.8306300600369771,1.152191087603569,0.6109841545422872,0.7894642204046249
3.058409643173218,3.3834567070007324,0.7846260150273641,1.1515584290027618,0.6057983120282491,0.7767421007156372
3.0485696315765383,3.396956145763397,0.7882313330968221,1.0699421167373657,0.6015316883722941,0.7505269199609756
3.0430400530497232,3.4036625027656555,0.7918562730153401,1.1208302676677704,0.5994776010513305,0.7894255965948105
3.0218772570292156,3.3968745470046997,0.7850068608919779,1.0298410207033157,0.5909246722857158,0.7354716509580612
3.015331172943115,3.425706446170807,0.7556425750255584,1.1236062347888947,0.584121040503184,0.7762940973043442
3.0112550099690756,3.4183449745178223,0.7570472419261932,1.0772086381912231,0.5821100433667501,0.7554653584957123
2.997517188390096,3.4254809617996216,0.7591952204704284,1.0715025067329407,0.5788036704063415,0.7538827508687973
2.98339729309082,3.45187509059906,0.7376487453778585,1.1341288685798645,0.5737541755040486,0.7840116322040558
2.9839510599772137,3.4319140911102295,0.7637129386266073,1.113789290189743,0.5784941713015238,0.771977886557579
2.96770658493042,3.5123603343963623,0.7259586254755656,1.285724550485611,0.5632056574026744,0.8377251625061035
2.9786532719930015,3.458018660545349,0.7381653865178426,1.0783696919679642,0.5741704086462657,0.7524961084127426
2.9710899035135907,3.5149551033973694,0.7366101344426473,1.2183465659618378,0.5705530643463135,0.8200248330831528
2.9639717737833657,3.5100238919258118,0.7127916733423869,1.1265502870082855,0.5608872274557749,0.7767193764448166
2.9567059834798175,3.523004472255707,0.6984469513098399,1.3586677312850952,0.5560601592063904,0.8330667614936829
2.9355771064758303,3.4784013628959656,0.7062207480271657,1.1603879481554031,0.5496777534484864,0.7888088971376419
2.940739154815674,3.564940929412842,0.7090847671031952,1.1294266283512115,0.5596026420593262,0.7909417301416397
2.9220417499542237,3.5063549876213074,0.6836530407269795,1.1971892267465591,0.5448627630869548,0.7911037355661392
2.9099514484405518,3.5204023122787476,0.6433741688728333,1.2201725244522095,0.5323398311932882,0.7858896255493164
2.9011583010355633,3.5561437010765076,0.6763285160064697,1.1591214537620544,0.5343372106552124,0.78727225959301
2.9031323273976644,3.598093032836914,0.6581235349178314,1.1994247287511826,0.5344426314036052,0.8028554618358612
2.9001759847005206,3.6036105155944824,0.6599650005499522,1.2573259472846985,0.5380743940671285,0.8224796205759048
2.91764760017395,3.616245925426483,0.706230640411377,1.2802259922027588,0.5538267393906912,0.808144822716713
2.8892737865447997,3.558167517185211,0.6697031557559967,1.2973674535751343,0.5302906155586242,0.810059517621994
2.874452527364095,3.635014772415161,0.6487212260564168,1.2383190095424652,0.5261576910813649,0.8349169790744781
2.8790099302927654,3.658913731575012,0.6802716970443725,1.1995010524988174,0.5357974827289581,0.796912893652916
2.862051741282145,3.6357571482658386,0.6165726919968922,1.3613801151514053,0.5146796643733978,0.8300242125988007
2.8563307762145995,3.644271492958069,0.6295535941918691,1.336603358387947,0.5161835710207622,0.8209759742021561
2.8352150122324624,3.6522770524024963,0.6499973237514496,1.3454752266407013,0.5155256509780883,0.8238260298967361
2.8167967796325684,3.634174644947052,0.6158080736796061,1.2182772308588028,0.5022705237070719,0.783673882484436
2.8231226444244384,3.7409372329711914,0.5950544059276581,1.3816609680652618,0.5015083571275075,0.8337785601615906
2.811191272735596,3.7105823755264282,0.583671381076177,1.2273745089769363,0.49781190156936644,0.802526518702507
2.7903592586517334,3.822072684764862,0.5944343507289886,1.4152900725603104,0.49288569688796996,0.8383856415748596
2.821836980183919,3.663556396961212,0.613665493329366,1.2180017232894897,0.5085511803627014,0.8036216497421265
2.8054949760437013,3.753710627555847,0.6122220536073049,1.255697786808014,0.5018092115720113,0.8224941790103912
2.7997570832570395,3.7732203602790833,0.5929449379444123,1.3057205528020859,0.4903281350930532,0.8111736178398132
2.7764427344004314,3.7489707469940186,0.5624077498912812,1.3088414072990417,0.48183655937512715,0.8156408369541168
2.7734164237976073,3.815963566303253,0.5809115966161092,1.3724790960550308,0.4885329306125641,0.8102176487445831
2.782101027170817,3.800862431526184,0.6056907057762146,1.4173503816127777,0.4911851743857066,0.8361354619264603
2.7645500183105467,3.8027156591415405,0.5869834820429484,1.3539612293243408,0.484519096215566,0.8187314122915268
2.7334355195363362,3.8959105014801025,0.5639266451199849,1.3835169970989227,0.46975297331809995,0.8279632329940796
2.7467411677042644,3.901366114616394,0.56144224802653,1.3599580228328705,0.47566702763239543,0.8129734843969345
2.7140212376912434,3.8898056149482727,0.5198972066243489,1.3862439841032028,0.46001110871632894,0.8242380917072296
2.7072875340779623,3.898460030555725,0.5140832622845968,1.4035441279411316,0.45918969909350077,0.8295894712209702
2.6996135393778484,3.9042882919311523,0.5337824980417888,1.4325632750988007,0.45609344244003297,0.837551936507225
2.6954661051432294,3.9899927377700806,0.5450862149397532,1.3249267935752869,0.45970805883407595,0.8415326029062271
2.7007193088531496,3.940185546875,0.5207312901814779,1.3601039052009583,0.4585122207800547,0.819704458117485
2.7021106561024983,3.9648157358169556,0.5585756560166677,1.2969688326120377,0.4593171854813894,0.8187147825956345
2.6989810625712076,3.9745768904685974,0.5550750613212585,1.5201613008975983,0.46057116786638896,0.8733122199773788
2.688115358352661,3.9717178344726562,0.5376012365023295,1.2215146273374557,0.46040475567181904,0.8039311170578003
2.6874334176381427,4.02637904882431,0.5298690140247345,1.2951188683509827,0.4614570458730062,0.8291367739439011
2.6740863641103108,3.986001670360565,0.5092568755149841,1.4182636439800262,0.4446432133515676,0.8316283524036407
2.64512193997701,4.049090266227722,0.5099254886309306,1.2670912444591522,0.4386142373085022,0.7996626496315002
2.6669612407684324,4.058884501457214,0.5406841933727264,1.4738293290138245,0.4560208042462667,0.8600073307752609
2.647497797012329,4.064062774181366,0.5032603820164998,1.3905119597911835,0.4472471117973328,0.8214146792888641
2.635705025990804,4.055903255939484,0.522473297516505,1.3963225185871124,0.4403525153795878,0.8366796523332596
2.6112685044606527,4.1107892990112305,0.49446428616841637,1.4129512906074524,0.43028273781140647,0.8301213830709457
2.64029860496521,4.104582369327545,0.47181460857391355,1.4176470339298248,0.43441797892252604,0.8412586450576782
2.61356422106425,4.156493902206421,0.4770242512226105,1.3707783222198486,0.42489968140920004,0.8455280810594559
2.605201768875122,4.187430918216705,0.472991943359375,1.5540353655815125,0.4262874901294708,0.8613407909870148
2.6222523848215737,4.094467103481293,0.4779522975285848,1.4016229510307312,0.4300888975461324,0.8397183567285538
2.590787076950073,4.135604560375214,0.4687478760878245,1.360131710767746,0.41592435042063397,0.8164903670549393
2.568893575668335,4.24036031961441,0.45329844355583193,1.5360709428787231,0.4113174319267273,0.8780044317245483
2.5672025521596273,4.16475123167038,0.4581625382105509,1.5275445878505707,0.4152771532535553,0.8606421649456024
2.557020394007365,4.2054630517959595,0.4307388444741567,1.4401212334632874,0.4011469900608063,0.84731125831604
2.563825511932373,4.225246429443359,0.4650511145591736,1.505461037158966,0.41124125917752585,0.8535892218351364
2.5469791889190674,4.225437879562378,0.4257898986339569,1.4416257739067078,0.40182576775550843,0.8363513052463531
2.559534788131714,4.22792786359787,0.46086065570513407,1.4119722247123718,0.41021188298861183,0.8321060985326767
2.544905185699463,4.270674467086792,0.43035070101420086,1.3765848278999329,0.4023210267225901,0.8291978538036346
2.515832010904948,4.238582074642181,0.42385760843753817,1.4120872616767883,0.39134435057640077,0.8160959482192993
2.5236369132995606,4.214490115642548,0.42152237296104433,1.3412279188632965,0.3932995736598969,0.8045824766159058
2.523436419169108,4.2588823437690735,0.4296935121218363,1.4851933419704437,0.3921739081541697,0.8445370197296143
2.533187007904053,4.310853600502014,0.44107837080955503,1.3761913627386093,0.4042514224847158,0.8448491245508194
2.5079461097717286,4.408353686332703,0.4169746994972229,1.5623186230659485,0.3887952248255412,0.8721522241830826
2.494252602259318,4.418935179710388,0.42297953764597573,1.4856874644756317,0.38853624065717063,0.8574057817459106
2.4806672890981036,4.3529656529426575,0.4338484803835551,1.3397120237350464,0.3882038712501526,0.8386394679546356
2.482361078262329,4.356402039527893,0.38901009956995647,1.4524654746055603,0.37703277269999186,0.8514199256896973
2.4676226298014323,4.376161456108093,0.39196168482303617,1.548847109079361,0.3761678059895833,0.8701618164777756
2.475782108306885,4.496933341026306,0.4045401573181152,1.3540996611118317,0.37525386214256284,0.8353674411773682
2.479468806584676,4.483080863952637,0.42322806219259895,1.4160625338554382,0.37953031063079834,0.8345160335302353
2.474732780456543,4.365074098110199,0.4059225142002106,1.518079698085785,0.38044735391934714,0.867147222161293
2.4584160963694255,4.515248417854309,0.37655545870463053,1.4103946685791016,0.3715938965479533,0.8345457017421722
2.4692380746205647,4.538221478462219,0.403829292456309,1.4737874865531921,0.3776278893152873,0.8513333797454834
2.457472626368205,4.412915229797363,0.3863788068294525,1.463099628686905,0.37522378166516623,0.8434958159923553
2.4416922410329183,4.557899713516235,0.34504995743433636,1.5192257463932037,0.35695088903109234,0.8594919294118881
2.4389165242513022,4.3904401659965515,0.3847877095143,1.3869884610176086,0.3626051485538483,0.8482314646244049
2.4376580556233725,4.481815338134766,0.37646919091542563,1.3455191552639008,0.3638963460922241,0.8187656253576279
2.434091488520304,4.57491672039032,0.3898955921332041,1.4267453849315643,0.3639241635799408,0.8462149649858475
2.4227561473846437,4.535673975944519,0.3831385483344396,1.3219012916088104,0.3616914967695872,0.8328569531440735
2.4237114906311037,4.57632315158844,0.39345477024714154,1.3711262345314026,0.3677132248878479,0.84410460293293
2.409973160425822,4.616998553276062,0.3614277948935827,1.3355733156204224,0.3577697912851969,0.8328723162412643
2.4004313151041665,4.697212815284729,0.3660884181658427,1.3747539818286896,0.35016822814941406,0.8385656327009201
2.394266653060913,4.6144174337387085,0.37019671499729156,1.3553504645824432,0.351694389184316,0.8467576950788498
2.387180948257446,4.6780829429626465,0.3653358300526937,1.6230449974536896,0.34581125577290855,0.8892285376787186
2.396716531117757,4.674390196800232,0.3585092782974243,1.6383694410324097,0.35316671133041383,0.8851064592599869
2.3909849961598715,4.670584440231323,0.3323784788449605,1.4761539995670319,0.34455290834108987,0.8500350713729858
2.3963773886362714,4.678183317184448,0.3574005405108134,1.5837350189685822,0.3500101606051127,0.8730488568544388
2.383590253194173,4.652105808258057,0.3813097814718882,1.47003835439682,0.35046247839927674,0.8662222027778625
2.393417247136434,4.647071003913879,0.38633390665054324,1.631633311510086,0.353525447845459,0.866989329457283
2.352896467844645,4.720049858093262,0.34691690703233086,1.4554712772369385,0.3366620302200317,0.8598291426897049
2.3784156163533527,4.634693741798401,0.3351236601670583,1.5056042075157166,0.34355326096216837,0.8487884551286697
2.3526222546895346,4.725555658340454,0.34220744172732037,1.5959964990615845,0.33269065419832866,0.8743753582239151
2.3483355681101483,4.851874351501465,0.34890161554018656,1.5654454827308655,0.33492338260014853,0.8769019544124603
2.3428599993387857,4.790931940078735,0.3556395580371221,1.578807294368744,0.3329988638559977,0.881154328584671
2.331682538986206,4.927985310554504,0.3363745391368866,1.518049567937851,0.33425472577412924,0.8582036197185516
2.342576773961385,4.678518056869507,0.3373503237962723,1.4635955393314362,0.3324483116467794,0.8422356247901917
2.3187976996103923,4.9245747327804565,0.31175860861937205,1.6354475021362305,0.321632319688797,0.8876034170389175
2.3245461146036783,4.796713948249817,0.3412402848402659,1.6294464766979218,0.3222675542036692,0.8830221891403198
2.3533834775288898,4.927598237991333,0.34966137011845905,1.458802878856659,0.3379574219385783,0.8618367314338684
2.319952932993571,4.92641294002533,0.341341041525205,1.4736583232879639,0.32699495752652485,0.8640971332788467
2.2932247797648113,4.956388831138611,0.3118708312511444,1.6003264784812927,0.31642667452494305,0.880414292216301
2.3015236059824624,4.933944225311279,0.3400089899698893,1.5316551327705383,0.3238316615422567,0.8647469729185104
2.299008051554362,5.031257390975952,0.34179765184720357,1.5471952259540558,0.32801589171091716,0.8666233867406845
2.3008634090423583,5.023812890052795,0.339854496717453,1.5502890050411224,0.3217577517032623,0.8748486340045929
2.2994857311248778,4.983712077140808,0.3089823931455612,1.6421014070510864,0.3166719694932302,0.9112457931041718
2.282775354385376,4.960508704185486,0.3182763268550237,1.6066106855869293,0.3159355878829956,0.866039976477623
2.276992686589559,5.038210034370422,0.32466930349667866,1.4196702539920807,0.3112031280994415,0.8379876613616943
2.261114470163981,5.002424716949463,0.3123632431030273,1.3786057829856873,0.308729628721873,0.8460877984762192
2.281917190551758,5.074150562286377,0.31156992514928183,1.6045351028442383,0.30876407225926716,0.8937389254570007
2.2625896453857424,4.953525066375732,0.3328225036462148,1.408632606267929,0.31300877332687377,0.8473287373781204
2.2525778929392497,5.120033502578735,0.3165785481532415,1.5008129179477692,0.30739574631055194,0.8682969063520432
2.2566774527231854,5.052013993263245,0.3089275936285655,1.4722607731819153,0.30758708020051323,0.864270955324173
2.2547370910644533,5.06300413608551,0.29869478444258374,1.617257446050644,0.3003200262784958,0.887326717376709
2.252350330352783,4.966317057609558,0.28181239664554597,1.5371263325214386,0.2978680690129598,0.8617488890886307
2.2420687516530355,5.013180613517761,0.2773752262194951,1.551328331232071,0.293458154797554,0.8688190430402756
2.2435251235961915,5.072231650352478,0.31203512152036034,1.5886422395706177,0.29623719255129494,0.881061241030693
2.2339943726857503,5.140591621398926,0.3028567989667257,1.4103026688098907,0.3008111039797465,0.8580757677555084
2.236573012669881,5.077677130699158,0.29591524104277295,1.623978704214096,0.2972156584262848,0.8774276077747345
2.2185794194539388,5.268583059310913,0.2843149244785309,1.6295269131660461,0.29136903087298077,0.8755320161581039
2.239026737213135,5.107553839683533,0.3043524384498596,1.5723981857299805,0.29500608841578163,0.8803396373987198
2.2342458724975587,5.12457549571991,0.2860128477215767,1.5891623198986053,0.29366148710250856,0.8754961937665939
2.226738786697388,5.186284422874451,0.28011419574419655,1.6397339403629303,0.2976610898971558,0.8717518299818039
2.220957565307617,5.268741726875305,0.27197886606057486,1.669422060251236,0.28939974506696065,0.8889212012290955
2.197361389795939,5.215914964675903,0.2644917075832685,1.5588496625423431,0.28451905250549314,0.8814239799976349
2.1890770117441813,5.2031409740448,0.26930380910634993,1.4746947288513184,0.276758137345314,0.8673396110534668
2.2245533148447674,5.22239887714386,0.29899016618728635,1.7028791010379791,0.2939083437124888,0.9011944085359573
2.2083584467569985,5.182649374008179,0.2953353226184845,1.6494713127613068,0.2917572657267253,0.8862112462520599
2.195033836364746,5.363024592399597,0.27773725291093193,1.5831910967826843,0.2813960790634155,0.8878951668739319
2.2213265101114907,5.137595891952515,0.2787716786066691,1.547628790140152,0.2938244471947352,0.8689150959253311
2.1975234667460124,5.282756924629211,0.28083992302417754,1.603403002023697,0.28255041937033337,0.8908951878547668
2.186458396911621,5.320209383964539,0.2933359682559967,1.6411868333816528,0.2803336173295975,0.8768982142210007
2.184802452723185,5.169708847999573,0.27281021972497305,1.5941164791584015,0.28066445390383404,0.8826899975538254
2.1808427651723226,5.216243028640747,0.24755913416544598,1.5592960715293884,0.27546821534633636,0.8587013781070709
2.1784579753875732,5.303953409194946,0.27042063176631925,1.440716952085495,0.277484001715978,0.8577749729156494
2.1828031063079836,5.190813183784485,0.2540446082750956,1.5026565790176392,0.27566688458124794,0.8867658525705338
2.160857979456584,5.3144426345825195,0.259221484263738,1.467840850353241,0.269549032052358,0.853302463889122
2.1804987748463946,5.312318325042725,0.2445321480433146,1.5327471792697906,0.27364757855733235,0.8705623149871826
2.176772928237915,5.347696661949158,0.2621995856364568,1.4182014465332031,0.27660752534866334,0.8568460196256638
2.1798261165618897,5.169677019119263,0.2560853689908981,1.5457051694393158,0.27639578382174174,0.8754239231348038
2.181032387415568,5.285089731216431,0.28656720916430156,1.6568194329738617,0.2814400682846705,0.8897794187068939
2.158598852157593,5.346439599990845,0.2580669899781545,1.4278171956539154,0.2708853205045064,0.852016806602478
2.1705853939056396,5.273193955421448,0.2387146145105362,1.3639954030513763,0.26894790828228,0.8374962955713272
2.148919947942098,5.393749237060547,0.22920761207739512,1.4991214275360107,0.26015883187452954,0.8698958903551102
2.138422203063965,5.525598883628845,0.22303540706634523,1.5430648922920227,0.25905142923196156,0.8633824437856674
2.1673633098602294,5.308412671089172,0.2834842920303345,1.6565220355987549,0.27549276550610863,0.9045695215463638
2.1544608592987062,5.403718829154968,0.28782592018445335,1.43595090508461,0.2748540908098221,0.8579732924699783
2.13626815478007,5.389679431915283,0.24263688623905183,1.3611844182014465,0.26293438573678335,0.8411774188280106
2.129615640640259,5.433004140853882,0.2531840791304906,1.4067422449588776,0.2657651821772257,0.8609452545642853
2.120995553334554,5.3917893171310425,0.24261872172355653,1.3548002541065216,0.2603038201729457,0.8385632932186127
2.1238494237263996,5.375869631767273,0.23333014299472174,1.3958806693553925,0.2631608694791794,0.844214454293251
2.1441492239634194,5.250513076782227,0.2680478552977244,1.526140958070755,0.266711613535881,0.8606566190719604
